{
  "id": "4012909",
  "name": "no name",
  "font_family": "iconfont",
  "css_prefix_text": "icon-",
  "description": "",
  "glyphs": [
    {
      "icon_id": "807974",
      "name": "货物",
      "font_class": "huowu",
      "unicode": "e636",
      "unicode_decimal": 58934
    },
    {
      "icon_id": "36405904",
      "name": "noun-storage-tank-1511795",
      "font_class": "noun-storage-tank-1511795",
      "unicode": "e60e",
      "unicode_decimal": 58894
    },
    {
      "icon_id": "35897468",
      "name": "barrels (3)",
      "font_class": "zhuanyunche",
      "unicode": "e60d",
      "unicode_decimal": 58893
    },
    {
      "icon_id": "35791480",
      "name": "Picture1-_2_",
      "font_class": "habor",
      "unicode": "e60a",
      "unicode_decimal": 58890
    },
    {
      "icon_id": "35732224",
      "name": "Picture2 (1)",
      "font_class": "terminal",
      "unicode": "e607",
      "unicode_decimal": 58887
    },
    {
      "icon_id": "35732293",
      "name": "Picture1 (1)",
      "font_class": "lunchuan",
      "unicode": "e608",
      "unicode_decimal": 58888
    },
    {
      "icon_id": "35732150",
      "name": "QQ图片20230529144221",
      "font_class": "huowu1",
      "unicode": "e606",
      "unicode_decimal": 58886
    },
    {
      "icon_id": "648801",
      "name": "沙漏",
      "font_class": "shalou",
      "unicode": "e632",
      "unicode_decimal": 58930
    },
    {
      "icon_id": "29371905",
      "name": "outline-polygon-(matic)",
      "font_class": "a-outline-polygon-matic",
      "unicode": "e704",
      "unicode_decimal": 59140
    },
    {
      "icon_id": "1421807",
      "name": "更多",
      "font_class": "gengduo",
      "unicode": "e63c",
      "unicode_decimal": 58940
    },
    {
      "icon_id": "4034111",
      "name": "更多-主页",
      "font_class": "youjiantou",
      "unicode": "e662",
      "unicode_decimal": 58978
    },
    {
      "icon_id": "643732",
      "name": "警告",
      "font_class": "2",
      "unicode": "e601",
      "unicode_decimal": 58881
    },
    {
      "icon_id": "5982568",
      "name": "告警实心",
      "font_class": "tixingshixin",
      "unicode": "ec72",
      "unicode_decimal": 60530
    },
    {
      "icon_id": "1411025",
      "name": "6运动轨迹",
      "font_class": "yundongguiji",
      "unicode": "e61c",
      "unicode_decimal": 58908
    },
    {
      "icon_id": "13547733",
      "name": "倒计时",
      "font_class": "daojishi",
      "unicode": "e649",
      "unicode_decimal": 58953
    },
    {
      "icon_id": "2076226",
      "name": " 水果",
      "font_class": "shuiguo",
      "unicode": "e882",
      "unicode_decimal": 59522
    },
    {
      "icon_id": "32303230",
      "name": "塔吊_画板 1",
      "font_class": "a-tadiao_huaban1",
      "unicode": "e808",
      "unicode_decimal": 59400
    },
    {
      "icon_id": "18170997",
      "name": "地图连线竖,连接,连线",
      "font_class": "map-link-full",
      "unicode": "ea01",
      "unicode_decimal": 59905
    },
    {
      "icon_id": "18171000",
      "name": "地图连线,连线,连接",
      "font_class": "map-connect-full",
      "unicode": "ea02",
      "unicode_decimal": 59906
    },
    {
      "icon_id": "1250665",
      "name": "圆",
      "font_class": "yuan",
      "unicode": "e657",
      "unicode_decimal": 58967
    },
    {
      "icon_id": "338579",
      "name": "倒计时－美店",
      "font_class": "daojishimeidian",
      "unicode": "e663",
      "unicode_decimal": 58979
    },
    {
      "icon_id": "679774",
      "name": "码头",
      "font_class": "matou",
      "unicode": "e6e5",
      "unicode_decimal": 59109
    },
    {
      "icon_id": "5853843",
      "name": "48码头",
      "font_class": "matou1",
      "unicode": "e942",
      "unicode_decimal": 59714
    }
  ]
}
