[
  {
    "name": "Process Start",
    "start": 1693213000147,
    "end": 1693213001353,
    "duration": 1206,
    "pid": 936,
    "index": 0
  },
  {
    "name": "Application Start",
    "start": 1693213001354,
    "end": 1693213003113,
    "duration": 1759,
    "pid": 936,
    "index": 1
  },
  {
    "name": "Load Plugin",
    "start": 1693213001358,
    "end": 1693213001383,
    "duration": 25,
    "pid": 936,
    "index": 2
  },
  {
    "name": "Load Config",
    "start": 1693213001383,
    "end": 1693213001413,
    "duration": 30,
    "pid": 936,
    "index": 3
  },
  {
    "name": "Require(0) config/config.default.js",
    "start": 1693213001383,
    "end": 1693213001384,
    "duration": 1,
    "pid": 936,
    "index": 4
  },
  {
    "name": "Require(1) node_modules/_egg-session@3.3.0@egg-session/config/config.default.js",
    "start": 1693213001386,
    "end": 1693213001386,
    "duration": 0,
    "pid": 936,
    "index": 5
  },
  {
    "name": "Require(2) node_modules/_egg-security@2.11.0@egg-security/config/config.default.js",
    "start": 1693213001387,
    "end": 1693213001387,
    "duration": 0,
    "pid": 936,
    "index": 6
  },
  {
    "name": "Require(3) node_modules/_egg-jsonp@2.0.0@egg-jsonp/config/config.default.js",
    "start": 1693213001388,
    "end": 1693213001388,
    "duration": 0,
    "pid": 936,
    "index": 7
  },
  {
    "name": "Require(4) node_modules/_egg-onerror@2.2.0@egg-onerror/config/config.default.js",
    "start": 1693213001389,
    "end": 1693213001389,
    "duration": 0,
    "pid": 936,
    "index": 8
  },
  {
    "name": "Require(5) node_modules/_egg-i18n@2.1.1@egg-i18n/config/config.default.js",
    "start": 1693213001390,
    "end": 1693213001390,
    "duration": 0,
    "pid": 936,
    "index": 9
  },
  {
    "name": "Require(6) node_modules/_egg-watcher@3.1.1@egg-watcher/config/config.default.js",
    "start": 1693213001392,
    "end": 1693213001392,
    "duration": 0,
    "pid": 936,
    "index": 10
  },
  {
    "name": "Require(7) node_modules/_egg-schedule@4.0.0@egg-schedule/config/config.default.js",
    "start": 1693213001393,
    "end": 1693213001393,
    "duration": 0,
    "pid": 936,
    "index": 11
  },
  {
    "name": "Require(8) node_modules/_egg-multipart@3.3.0@egg-multipart/config/config.default.js",
    "start": 1693213001394,
    "end": 1693213001394,
    "duration": 0,
    "pid": 936,
    "index": 12
  },
  {
    "name": "Require(9) node_modules/_egg-development@2.7.0@egg-development/config/config.default.js",
    "start": 1693213001395,
    "end": 1693213001395,
    "duration": 0,
    "pid": 936,
    "index": 13
  },
  {
    "name": "Require(10) node_modules/_egg-logrotator@3.1.0@egg-logrotator/config/config.default.js",
    "start": 1693213001396,
    "end": 1693213001396,
    "duration": 0,
    "pid": 936,
    "index": 14
  },
  {
    "name": "Require(11) node_modules/_egg-static@2.3.1@egg-static/config/config.default.js",
    "start": 1693213001397,
    "end": 1693213001397,
    "duration": 0,
    "pid": 936,
    "index": 15
  },
  {
    "name": "Require(12) node_modules/_egg-view@2.1.4@egg-view/config/config.default.js",
    "start": 1693213001398,
    "end": 1693213001398,
    "duration": 0,
    "pid": 936,
    "index": 16
  },
  {
    "name": "Require(13) node_modules/_egg-sequelize@6.0.0@egg-sequelize/config/config.default.js",
    "start": 1693213001399,
    "end": 1693213001399,
    "duration": 0,
    "pid": 936,
    "index": 17
  },
  {
    "name": "Require(14) node_modules/_egg-validate@2.0.2@egg-validate/config/config.default.js",
    "start": 1693213001400,
    "end": 1693213001400,
    "duration": 0,
    "pid": 936,
    "index": 18
  },
  {
    "name": "Require(15) node_modules/_egg-jwt@3.1.7@egg-jwt/config/config.default.js",
    "start": 1693213001401,
    "end": 1693213001401,
    "duration": 0,
    "pid": 936,
    "index": 19
  },
  {
    "name": "Require(16) node_modules/_egg-view-nunjucks@2.3.0@egg-view-nunjucks/config/config.default.js",
    "start": 1693213001401,
    "end": 1693213001402,
    "duration": 1,
    "pid": 936,
    "index": 20
  },
  {
    "name": "Require(17) node_modules/_egg@3.15.0@egg/config/config.default.js",
    "start": 1693213001402,
    "end": 1693213001403,
    "duration": 1,
    "pid": 936,
    "index": 21
  },
  {
    "name": "Require(18) config/config.default.js",
    "start": 1693213001403,
    "end": 1693213001404,
    "duration": 1,
    "pid": 936,
    "index": 22
  },
  {
    "name": "Require(19) node_modules/_egg-security@2.11.0@egg-security/config/config.local.js",
    "start": 1693213001405,
    "end": 1693213001405,
    "duration": 0,
    "pid": 936,
    "index": 23
  },
  {
    "name": "Require(20) node_modules/_egg-watcher@3.1.1@egg-watcher/config/config.local.js",
    "start": 1693213001406,
    "end": 1693213001406,
    "duration": 0,
    "pid": 936,
    "index": 24
  },
  {
    "name": "Require(21) node_modules/_egg-view@2.1.4@egg-view/config/config.local.js",
    "start": 1693213001409,
    "end": 1693213001409,
    "duration": 0,
    "pid": 936,
    "index": 25
  },
  {
    "name": "Require(22) node_modules/_egg-view-nunjucks@2.3.0@egg-view-nunjucks/config/config.local.js",
    "start": 1693213001410,
    "end": 1693213001410,
    "duration": 0,
    "pid": 936,
    "index": 26
  },
  {
    "name": "Require(23) node_modules/_egg@3.15.0@egg/config/config.local.js",
    "start": 1693213001411,
    "end": 1693213001412,
    "duration": 1,
    "pid": 936,
    "index": 27
  },
  {
    "name": "Load extend/application.js",
    "start": 1693213001414,
    "end": 1693213001530,
    "duration": 116,
    "pid": 936,
    "index": 28
  },
  {
    "name": "Require(24) node_modules/_egg-session@3.3.0@egg-session/app/extend/application.js",
    "start": 1693213001414,
    "end": 1693213001415,
    "duration": 1,
    "pid": 936,
    "index": 29
  },
  {
    "name": "Require(25) node_modules/_egg-security@2.11.0@egg-security/app/extend/application.js",
    "start": 1693213001415,
    "end": 1693213001416,
    "duration": 1,
    "pid": 936,
    "index": 30
  },
  {
    "name": "Require(26) node_modules/_egg-jsonp@2.0.0@egg-jsonp/app/extend/application.js",
    "start": 1693213001417,
    "end": 1693213001420,
    "duration": 3,
    "pid": 936,
    "index": 31
  },
  {
    "name": "Require(27) node_modules/_egg-schedule@4.0.0@egg-schedule/app/extend/application.js",
    "start": 1693213001422,
    "end": 1693213001425,
    "duration": 3,
    "pid": 936,
    "index": 32
  },
  {
    "name": "Require(28) node_modules/_egg-logrotator@3.1.0@egg-logrotator/app/extend/application.js",
    "start": 1693213001426,
    "end": 1693213001431,
    "duration": 5,
    "pid": 936,
    "index": 33
  },
  {
    "name": "Require(29) node_modules/_egg-view@2.1.4@egg-view/app/extend/application.js",
    "start": 1693213001432,
    "end": 1693213001435,
    "duration": 3,
    "pid": 936,
    "index": 34
  },
  {
    "name": "Require(30) node_modules/_egg-jwt@3.1.7@egg-jwt/app/extend/application.js",
    "start": 1693213001436,
    "end": 1693213001492,
    "duration": 56,
    "pid": 936,
    "index": 35
  },
  {
    "name": "Require(31) node_modules/_egg-view-nunjucks@2.3.0@egg-view-nunjucks/app/extend/application.js",
    "start": 1693213001492,
    "end": 1693213001525,
    "duration": 33,
    "pid": 936,
    "index": 36
  },
  {
    "name": "Load extend/request.js",
    "start": 1693213001530,
    "end": 1693213001541,
    "duration": 11,
    "pid": 936,
    "index": 37
  },
  {
    "name": "Require(32) node_modules/_egg@3.15.0@egg/app/extend/request.js",
    "start": 1693213001534,
    "end": 1693213001536,
    "duration": 2,
    "pid": 936,
    "index": 38
  },
  {
    "name": "Load extend/response.js",
    "start": 1693213001541,
    "end": 1693213001553,
    "duration": 12,
    "pid": 936,
    "index": 39
  },
  {
    "name": "Require(33) node_modules/_egg@3.15.0@egg/app/extend/response.js",
    "start": 1693213001545,
    "end": 1693213001548,
    "duration": 3,
    "pid": 936,
    "index": 40
  },
  {
    "name": "Load extend/context.js",
    "start": 1693213001553,
    "end": 1693213001600,
    "duration": 47,
    "pid": 936,
    "index": 41
  },
  {
    "name": "Require(34) node_modules/_egg-security@2.11.0@egg-security/app/extend/context.js",
    "start": 1693213001553,
    "end": 1693213001569,
    "duration": 16,
    "pid": 936,
    "index": 42
  },
  {
    "name": "Require(35) node_modules/_egg-jsonp@2.0.0@egg-jsonp/app/extend/context.js",
    "start": 1693213001569,
    "end": 1693213001571,
    "duration": 2,
    "pid": 936,
    "index": 43
  },
  {
    "name": "Require(36) node_modules/_egg-i18n@2.1.1@egg-i18n/app/extend/context.js",
    "start": 1693213001571,
    "end": 1693213001572,
    "duration": 1,
    "pid": 936,
    "index": 44
  },
  {
    "name": "Require(37) node_modules/_egg-multipart@3.3.0@egg-multipart/app/extend/context.js",
    "start": 1693213001573,
    "end": 1693213001589,
    "duration": 16,
    "pid": 936,
    "index": 45
  },
  {
    "name": "Require(38) node_modules/_egg-view@2.1.4@egg-view/app/extend/context.js",
    "start": 1693213001590,
    "end": 1693213001591,
    "duration": 1,
    "pid": 936,
    "index": 46
  },
  {
    "name": "Require(39) node_modules/_egg-validate@2.0.2@egg-validate/app/extend/context.js",
    "start": 1693213001592,
    "end": 1693213001592,
    "duration": 0,
    "pid": 936,
    "index": 47
  },
  {
    "name": "Require(40) node_modules/_egg@3.15.0@egg/app/extend/context.js",
    "start": 1693213001593,
    "end": 1693213001595,
    "duration": 2,
    "pid": 936,
    "index": 48
  },
  {
    "name": "Load extend/helper.js",
    "start": 1693213001600,
    "end": 1693213001627,
    "duration": 27,
    "pid": 936,
    "index": 49
  },
  {
    "name": "Require(41) node_modules/_egg-security@2.11.0@egg-security/app/extend/helper.js",
    "start": 1693213001600,
    "end": 1693213001619,
    "duration": 19,
    "pid": 936,
    "index": 50
  },
  {
    "name": "Require(42) node_modules/_egg@3.15.0@egg/app/extend/helper.js",
    "start": 1693213001623,
    "end": 1693213001623,
    "duration": 0,
    "pid": 936,
    "index": 51
  },
  {
    "name": "Load app.js",
    "start": 1693213001628,
    "end": 1693213001668,
    "duration": 40,
    "pid": 936,
    "index": 52
  },
  {
    "name": "Require(43) node_modules/_egg-session@3.3.0@egg-session/app.js",
    "start": 1693213001628,
    "end": 1693213001628,
    "duration": 0,
    "pid": 936,
    "index": 53
  },
  {
    "name": "Require(44) node_modules/_egg-security@2.11.0@egg-security/app.js",
    "start": 1693213001629,
    "end": 1693213001631,
    "duration": 2,
    "pid": 936,
    "index": 54
  },
  {
    "name": "Require(45) node_modules/_egg-onerror@2.2.0@egg-onerror/app.js",
    "start": 1693213001631,
    "end": 1693213001643,
    "duration": 12,
    "pid": 936,
    "index": 55
  },
  {
    "name": "Require(46) node_modules/_egg-i18n@2.1.1@egg-i18n/app.js",
    "start": 1693213001643,
    "end": 1693213001652,
    "duration": 9,
    "pid": 936,
    "index": 56
  },
  {
    "name": "Require(47) node_modules/_egg-watcher@3.1.1@egg-watcher/app.js",
    "start": 1693213001653,
    "end": 1693213001657,
    "duration": 4,
    "pid": 936,
    "index": 57
  },
  {
    "name": "Require(48) node_modules/_egg-schedule@4.0.0@egg-schedule/app.js",
    "start": 1693213001658,
    "end": 1693213001658,
    "duration": 0,
    "pid": 936,
    "index": 58
  },
  {
    "name": "Require(49) node_modules/_egg-multipart@3.3.0@egg-multipart/app.js",
    "start": 1693213001659,
    "end": 1693213001660,
    "duration": 1,
    "pid": 936,
    "index": 59
  },
  {
    "name": "Require(50) node_modules/_egg-development@2.7.0@egg-development/app.js",
    "start": 1693213001660,
    "end": 1693213001661,
    "duration": 1,
    "pid": 936,
    "index": 60
  },
  {
    "name": "Require(51) node_modules/_egg-logrotator@3.1.0@egg-logrotator/app.js",
    "start": 1693213001661,
    "end": 1693213001661,
    "duration": 0,
    "pid": 936,
    "index": 61
  },
  {
    "name": "Require(52) node_modules/_egg-static@2.3.1@egg-static/app.js",
    "start": 1693213001662,
    "end": 1693213001662,
    "duration": 0,
    "pid": 936,
    "index": 62
  },
  {
    "name": "Require(53) node_modules/_egg-sequelize@6.0.0@egg-sequelize/app.js",
    "start": 1693213001663,
    "end": 1693213001663,
    "duration": 0,
    "pid": 936,
    "index": 63
  },
  {
    "name": "Require(54) node_modules/_egg-validate@2.0.2@egg-validate/app.js",
    "start": 1693213001663,
    "end": 1693213001665,
    "duration": 2,
    "pid": 936,
    "index": 64
  },
  {
    "name": "Require(55) node_modules/_egg-jwt@3.1.7@egg-jwt/app.js",
    "start": 1693213001666,
    "end": 1693213001666,
    "duration": 0,
    "pid": 936,
    "index": 65
  },
  {
    "name": "Require(56) node_modules/_egg-view-nunjucks@2.3.0@egg-view-nunjucks/app.js",
    "start": 1693213001666,
    "end": 1693213001666,
    "duration": 0,
    "pid": 936,
    "index": 66
  },
  {
    "name": "Before Start in node_modules/_egg-watcher@3.1.1@egg-watcher/lib/init.js:15:14",
    "start": 1693213001675,
    "end": 1693213002611,
    "duration": 936,
    "pid": 936,
    "index": 67
  },
  {
    "name": "Load \"Symbol(model)\" to Application",
    "start": 1693213002309,
    "end": 1693213002349,
    "duration": 40,
    "pid": 936,
    "index": 68
  },
  {
    "name": "Before Start in node_modules/_egg-sequelize@6.0.0@egg-sequelize/lib/loader.js:39:7",
    "start": 1693213002357,
    "end": 1693213003112,
    "duration": 755,
    "pid": 936,
    "index": 69
  },
  {
    "name": "Load Service",
    "start": 1693213002359,
    "end": 1693213002455,
    "duration": 96,
    "pid": 936,
    "index": 70
  },
  {
    "name": "Load \"service\" to Context",
    "start": 1693213002359,
    "end": 1693213002455,
    "duration": 96,
    "pid": 936,
    "index": 71
  },
  {
    "name": "Load Middleware",
    "start": 1693213002455,
    "end": 1693213002566,
    "duration": 111,
    "pid": 936,
    "index": 72
  },
  {
    "name": "Load \"middlewares\" to Application",
    "start": 1693213002455,
    "end": 1693213002556,
    "duration": 101,
    "pid": 936,
    "index": 73
  },
  {
    "name": "Load Controller",
    "start": 1693213002566,
    "end": 1693213002584,
    "duration": 18,
    "pid": 936,
    "index": 74
  },
  {
    "name": "Load \"controller\" to Application",
    "start": 1693213002566,
    "end": 1693213002584,
    "duration": 18,
    "pid": 936,
    "index": 75
  },
  {
    "name": "Load Router",
    "start": 1693213002584,
    "end": 1693213002587,
    "duration": 3,
    "pid": 936,
    "index": 76
  },
  {
    "name": "Require(57) app/router.js",
    "start": 1693213002585,
    "end": 1693213002585,
    "duration": 0,
    "pid": 936,
    "index": 77
  },
  {
    "name": "Before Start in node_modules/_egg-core@5.3.1@egg-core/lib/egg.js:304:10",
    "start": 1693213002585,
    "end": 1693213002600,
    "duration": 15,
    "pid": 936,
    "index": 78
  },
  {
    "name": "Before Start in app/router.js:8:9",
    "start": 1693213002585,
    "end": 1693213002600,
    "duration": 15,
    "pid": 936,
    "index": 79
  }
]