[
  {
    "name": "Process Start",
    "start": 1685987396829,
    "end": 1685987397884,
    "duration": 1055,
    "pid": 19312,
    "index": 0
  },
  {
    "name": "Application Start",
    "start": 1685987397885,
    "end": 1685987399490,
    "duration": 1605,
    "pid": 19312,
    "index": 1
  },
  {
    "name": "Load Plugin",
    "start": 1685987397889,
    "end": 1685987397906,
    "duration": 17,
    "pid": 19312,
    "index": 2
  },
  {
    "name": "Load Config",
    "start": 1685987397907,
    "end": 1685987397929,
    "duration": 22,
    "pid": 19312,
    "index": 3
  },
  {
    "name": "Require(0) config/config.default.js",
    "start": 1685987397907,
    "end": 1685987397908,
    "duration": 1,
    "pid": 19312,
    "index": 4
  },
  {
    "name": "Require(1) node_modules/_egg-session@3.3.0@egg-session/config/config.default.js",
    "start": 1685987397910,
    "end": 1685987397910,
    "duration": 0,
    "pid": 19312,
    "index": 5
  },
  {
    "name": "Require(2) node_modules/_egg-security@2.11.0@egg-security/config/config.default.js",
    "start": 1685987397911,
    "end": 1685987397911,
    "duration": 0,
    "pid": 19312,
    "index": 6
  },
  {
    "name": "Require(3) node_modules/_egg-jsonp@2.0.0@egg-jsonp/config/config.default.js",
    "start": 1685987397912,
    "end": 1685987397912,
    "duration": 0,
    "pid": 19312,
    "index": 7
  },
  {
    "name": "Require(4) node_modules/_egg-onerror@2.2.0@egg-onerror/config/config.default.js",
    "start": 1685987397912,
    "end": 1685987397913,
    "duration": 1,
    "pid": 19312,
    "index": 8
  },
  {
    "name": "Require(5) node_modules/_egg-i18n@2.1.1@egg-i18n/config/config.default.js",
    "start": 1685987397913,
    "end": 1685987397913,
    "duration": 0,
    "pid": 19312,
    "index": 9
  },
  {
    "name": "Require(6) node_modules/_egg-watcher@3.1.1@egg-watcher/config/config.default.js",
    "start": 1685987397914,
    "end": 1685987397914,
    "duration": 0,
    "pid": 19312,
    "index": 10
  },
  {
    "name": "Require(7) node_modules/_egg-schedule@4.0.0@egg-schedule/config/config.default.js",
    "start": 1685987397915,
    "end": 1685987397915,
    "duration": 0,
    "pid": 19312,
    "index": 11
  },
  {
    "name": "Require(8) node_modules/_egg-multipart@3.3.0@egg-multipart/config/config.default.js",
    "start": 1685987397915,
    "end": 1685987397916,
    "duration": 1,
    "pid": 19312,
    "index": 12
  },
  {
    "name": "Require(9) node_modules/_egg-development@2.7.0@egg-development/config/config.default.js",
    "start": 1685987397916,
    "end": 1685987397917,
    "duration": 1,
    "pid": 19312,
    "index": 13
  },
  {
    "name": "Require(10) node_modules/_egg-logrotator@3.1.0@egg-logrotator/config/config.default.js",
    "start": 1685987397917,
    "end": 1685987397919,
    "duration": 2,
    "pid": 19312,
    "index": 14
  },
  {
    "name": "Require(11) node_modules/_egg-static@2.3.1@egg-static/config/config.default.js",
    "start": 1685987397919,
    "end": 1685987397919,
    "duration": 0,
    "pid": 19312,
    "index": 15
  },
  {
    "name": "Require(12) node_modules/_egg-view@2.1.4@egg-view/config/config.default.js",
    "start": 1685987397920,
    "end": 1685987397920,
    "duration": 0,
    "pid": 19312,
    "index": 16
  },
  {
    "name": "Require(13) node_modules/_egg-sequelize@6.0.0@egg-sequelize/config/config.default.js",
    "start": 1685987397921,
    "end": 1685987397921,
    "duration": 0,
    "pid": 19312,
    "index": 17
  },
  {
    "name": "Require(14) node_modules/_egg-validate@2.0.2@egg-validate/config/config.default.js",
    "start": 1685987397921,
    "end": 1685987397922,
    "duration": 1,
    "pid": 19312,
    "index": 18
  },
  {
    "name": "Require(15) node_modules/_egg-jwt@3.1.7@egg-jwt/config/config.default.js",
    "start": 1685987397922,
    "end": 1685987397922,
    "duration": 0,
    "pid": 19312,
    "index": 19
  },
  {
    "name": "Require(16) node_modules/_egg-view-nunjucks@2.3.0@egg-view-nunjucks/config/config.default.js",
    "start": 1685987397922,
    "end": 1685987397923,
    "duration": 1,
    "pid": 19312,
    "index": 20
  },
  {
    "name": "Require(17) node_modules/_egg@3.15.0@egg/config/config.default.js",
    "start": 1685987397923,
    "end": 1685987397924,
    "duration": 1,
    "pid": 19312,
    "index": 21
  },
  {
    "name": "Require(18) config/config.default.js",
    "start": 1685987397924,
    "end": 1685987397924,
    "duration": 0,
    "pid": 19312,
    "index": 22
  },
  {
    "name": "Require(19) node_modules/_egg-security@2.11.0@egg-security/config/config.local.js",
    "start": 1685987397925,
    "end": 1685987397925,
    "duration": 0,
    "pid": 19312,
    "index": 23
  },
  {
    "name": "Require(20) node_modules/_egg-watcher@3.1.1@egg-watcher/config/config.local.js",
    "start": 1685987397926,
    "end": 1685987397926,
    "duration": 0,
    "pid": 19312,
    "index": 24
  },
  {
    "name": "Require(21) node_modules/_egg-view@2.1.4@egg-view/config/config.local.js",
    "start": 1685987397927,
    "end": 1685987397928,
    "duration": 1,
    "pid": 19312,
    "index": 25
  },
  {
    "name": "Require(22) node_modules/_egg-view-nunjucks@2.3.0@egg-view-nunjucks/config/config.local.js",
    "start": 1685987397928,
    "end": 1685987397929,
    "duration": 1,
    "pid": 19312,
    "index": 26
  },
  {
    "name": "Require(23) node_modules/_egg@3.15.0@egg/config/config.local.js",
    "start": 1685987397929,
    "end": 1685987397929,
    "duration": 0,
    "pid": 19312,
    "index": 27
  },
  {
    "name": "Load extend/application.js",
    "start": 1685987397930,
    "end": 1685987398004,
    "duration": 74,
    "pid": 19312,
    "index": 28
  },
  {
    "name": "Require(24) node_modules/_egg-session@3.3.0@egg-session/app/extend/application.js",
    "start": 1685987397931,
    "end": 1685987397931,
    "duration": 0,
    "pid": 19312,
    "index": 29
  },
  {
    "name": "Require(25) node_modules/_egg-security@2.11.0@egg-security/app/extend/application.js",
    "start": 1685987397931,
    "end": 1685987397932,
    "duration": 1,
    "pid": 19312,
    "index": 30
  },
  {
    "name": "Require(26) node_modules/_egg-jsonp@2.0.0@egg-jsonp/app/extend/application.js",
    "start": 1685987397933,
    "end": 1685987397935,
    "duration": 2,
    "pid": 19312,
    "index": 31
  },
  {
    "name": "Require(27) node_modules/_egg-schedule@4.0.0@egg-schedule/app/extend/application.js",
    "start": 1685987397936,
    "end": 1685987397938,
    "duration": 2,
    "pid": 19312,
    "index": 32
  },
  {
    "name": "Require(28) node_modules/_egg-logrotator@3.1.0@egg-logrotator/app/extend/application.js",
    "start": 1685987397940,
    "end": 1685987397943,
    "duration": 3,
    "pid": 19312,
    "index": 33
  },
  {
    "name": "Require(29) node_modules/_egg-view@2.1.4@egg-view/app/extend/application.js",
    "start": 1685987397943,
    "end": 1685987397945,
    "duration": 2,
    "pid": 19312,
    "index": 34
  },
  {
    "name": "Require(30) node_modules/_egg-jwt@3.1.7@egg-jwt/app/extend/application.js",
    "start": 1685987397946,
    "end": 1685987397979,
    "duration": 33,
    "pid": 19312,
    "index": 35
  },
  {
    "name": "Require(31) node_modules/_egg-view-nunjucks@2.3.0@egg-view-nunjucks/app/extend/application.js",
    "start": 1685987397980,
    "end": 1685987398001,
    "duration": 21,
    "pid": 19312,
    "index": 36
  },
  {
    "name": "Load extend/request.js",
    "start": 1685987398004,
    "end": 1685987398010,
    "duration": 6,
    "pid": 19312,
    "index": 37
  },
  {
    "name": "Require(32) node_modules/_egg@3.15.0@egg/app/extend/request.js",
    "start": 1685987398007,
    "end": 1685987398008,
    "duration": 1,
    "pid": 19312,
    "index": 38
  },
  {
    "name": "Load extend/response.js",
    "start": 1685987398011,
    "end": 1685987398018,
    "duration": 7,
    "pid": 19312,
    "index": 39
  },
  {
    "name": "Require(33) node_modules/_egg@3.15.0@egg/app/extend/response.js",
    "start": 1685987398013,
    "end": 1685987398015,
    "duration": 2,
    "pid": 19312,
    "index": 40
  },
  {
    "name": "Load extend/context.js",
    "start": 1685987398018,
    "end": 1685987398053,
    "duration": 35,
    "pid": 19312,
    "index": 41
  },
  {
    "name": "Require(34) node_modules/_egg-security@2.11.0@egg-security/app/extend/context.js",
    "start": 1685987398018,
    "end": 1685987398028,
    "duration": 10,
    "pid": 19312,
    "index": 42
  },
  {
    "name": "Require(35) node_modules/_egg-jsonp@2.0.0@egg-jsonp/app/extend/context.js",
    "start": 1685987398028,
    "end": 1685987398030,
    "duration": 2,
    "pid": 19312,
    "index": 43
  },
  {
    "name": "Require(36) node_modules/_egg-i18n@2.1.1@egg-i18n/app/extend/context.js",
    "start": 1685987398030,
    "end": 1685987398031,
    "duration": 1,
    "pid": 19312,
    "index": 44
  },
  {
    "name": "Require(37) node_modules/_egg-multipart@3.3.0@egg-multipart/app/extend/context.js",
    "start": 1685987398031,
    "end": 1685987398045,
    "duration": 14,
    "pid": 19312,
    "index": 45
  },
  {
    "name": "Require(38) node_modules/_egg-view@2.1.4@egg-view/app/extend/context.js",
    "start": 1685987398046,
    "end": 1685987398047,
    "duration": 1,
    "pid": 19312,
    "index": 46
  },
  {
    "name": "Require(39) node_modules/_egg-validate@2.0.2@egg-validate/app/extend/context.js",
    "start": 1685987398047,
    "end": 1685987398048,
    "duration": 1,
    "pid": 19312,
    "index": 47
  },
  {
    "name": "Require(40) node_modules/_egg@3.15.0@egg/app/extend/context.js",
    "start": 1685987398048,
    "end": 1685987398050,
    "duration": 2,
    "pid": 19312,
    "index": 48
  },
  {
    "name": "Load extend/helper.js",
    "start": 1685987398053,
    "end": 1685987398071,
    "duration": 18,
    "pid": 19312,
    "index": 49
  },
  {
    "name": "Require(41) node_modules/_egg-security@2.11.0@egg-security/app/extend/helper.js",
    "start": 1685987398053,
    "end": 1685987398066,
    "duration": 13,
    "pid": 19312,
    "index": 50
  },
  {
    "name": "Require(42) node_modules/_egg@3.15.0@egg/app/extend/helper.js",
    "start": 1685987398068,
    "end": 1685987398069,
    "duration": 1,
    "pid": 19312,
    "index": 51
  },
  {
    "name": "Load app.js",
    "start": 1685987398072,
    "end": 1685987398100,
    "duration": 28,
    "pid": 19312,
    "index": 52
  },
  {
    "name": "Require(43) node_modules/_egg-session@3.3.0@egg-session/app.js",
    "start": 1685987398072,
    "end": 1685987398072,
    "duration": 0,
    "pid": 19312,
    "index": 53
  },
  {
    "name": "Require(44) node_modules/_egg-security@2.11.0@egg-security/app.js",
    "start": 1685987398072,
    "end": 1685987398074,
    "duration": 2,
    "pid": 19312,
    "index": 54
  },
  {
    "name": "Require(45) node_modules/_egg-onerror@2.2.0@egg-onerror/app.js",
    "start": 1685987398074,
    "end": 1685987398083,
    "duration": 9,
    "pid": 19312,
    "index": 55
  },
  {
    "name": "Require(46) node_modules/_egg-i18n@2.1.1@egg-i18n/app.js",
    "start": 1685987398083,
    "end": 1685987398089,
    "duration": 6,
    "pid": 19312,
    "index": 56
  },
  {
    "name": "Require(47) node_modules/_egg-watcher@3.1.1@egg-watcher/app.js",
    "start": 1685987398089,
    "end": 1685987398093,
    "duration": 4,
    "pid": 19312,
    "index": 57
  },
  {
    "name": "Require(48) node_modules/_egg-schedule@4.0.0@egg-schedule/app.js",
    "start": 1685987398093,
    "end": 1685987398093,
    "duration": 0,
    "pid": 19312,
    "index": 58
  },
  {
    "name": "Require(49) node_modules/_egg-multipart@3.3.0@egg-multipart/app.js",
    "start": 1685987398094,
    "end": 1685987398095,
    "duration": 1,
    "pid": 19312,
    "index": 59
  },
  {
    "name": "Require(50) node_modules/_egg-development@2.7.0@egg-development/app.js",
    "start": 1685987398095,
    "end": 1685987398095,
    "duration": 0,
    "pid": 19312,
    "index": 60
  },
  {
    "name": "Require(51) node_modules/_egg-logrotator@3.1.0@egg-logrotator/app.js",
    "start": 1685987398095,
    "end": 1685987398096,
    "duration": 1,
    "pid": 19312,
    "index": 61
  },
  {
    "name": "Require(52) node_modules/_egg-static@2.3.1@egg-static/app.js",
    "start": 1685987398096,
    "end": 1685987398096,
    "duration": 0,
    "pid": 19312,
    "index": 62
  },
  {
    "name": "Require(53) node_modules/_egg-sequelize@6.0.0@egg-sequelize/app.js",
    "start": 1685987398096,
    "end": 1685987398097,
    "duration": 1,
    "pid": 19312,
    "index": 63
  },
  {
    "name": "Require(54) node_modules/_egg-validate@2.0.2@egg-validate/app.js",
    "start": 1685987398097,
    "end": 1685987398098,
    "duration": 1,
    "pid": 19312,
    "index": 64
  },
  {
    "name": "Require(55) node_modules/_egg-jwt@3.1.7@egg-jwt/app.js",
    "start": 1685987398099,
    "end": 1685987398099,
    "duration": 0,
    "pid": 19312,
    "index": 65
  },
  {
    "name": "Require(56) node_modules/_egg-view-nunjucks@2.3.0@egg-view-nunjucks/app.js",
    "start": 1685987398099,
    "end": 1685987398099,
    "duration": 0,
    "pid": 19312,
    "index": 66
  },
  {
    "name": "Before Start in node_modules/_egg-watcher@3.1.1@egg-watcher/lib/init.js:15:14",
    "start": 1685987398106,
    "end": 1685987398801,
    "duration": 695,
    "pid": 19312,
    "index": 67
  },
  {
    "name": "Load \"Symbol(model)\" to Application",
    "start": 1685987398587,
    "end": 1685987398618,
    "duration": 31,
    "pid": 19312,
    "index": 68
  },
  {
    "name": "Before Start in node_modules/_egg-sequelize@6.0.0@egg-sequelize/lib/loader.js:39:7",
    "start": 1685987398624,
    "end": 1685987399490,
    "duration": 866,
    "pid": 19312,
    "index": 69
  },
  {
    "name": "Load Service",
    "start": 1685987398625,
    "end": 1685987398690,
    "duration": 65,
    "pid": 19312,
    "index": 70
  },
  {
    "name": "Load \"service\" to Context",
    "start": 1685987398625,
    "end": 1685987398690,
    "duration": 65,
    "pid": 19312,
    "index": 71
  },
  {
    "name": "Load Middleware",
    "start": 1685987398690,
    "end": 1685987398766,
    "duration": 76,
    "pid": 19312,
    "index": 72
  },
  {
    "name": "Load \"middlewares\" to Application",
    "start": 1685987398690,
    "end": 1685987398758,
    "duration": 68,
    "pid": 19312,
    "index": 73
  },
  {
    "name": "Load Controller",
    "start": 1685987398766,
    "end": 1685987398777,
    "duration": 11,
    "pid": 19312,
    "index": 74
  },
  {
    "name": "Load \"controller\" to Application",
    "start": 1685987398766,
    "end": 1685987398777,
    "duration": 11,
    "pid": 19312,
    "index": 75
  },
  {
    "name": "Load Router",
    "start": 1685987398777,
    "end": 1685987398780,
    "duration": 3,
    "pid": 19312,
    "index": 76
  },
  {
    "name": "Require(57) app/router.js",
    "start": 1685987398778,
    "end": 1685987398778,
    "duration": 0,
    "pid": 19312,
    "index": 77
  },
  {
    "name": "Before Start in node_modules/_egg-core@5.3.1@egg-core/lib/egg.js:304:10",
    "start": 1685987398778,
    "end": 1685987398791,
    "duration": 13,
    "pid": 19312,
    "index": 78
  },
  {
    "name": "Before Start in app/router.js:8:9",
    "start": 1685987398778,
    "end": 1685987398791,
    "duration": 13,
    "pid": 19312,
    "index": 79
  }
]