{
  "config": {
    "session": {
      "maxAge": 86400000,
      "key": "EGG_SESS",
      "httpOnly": true,
      "encrypt": true,
      "logValue": true,
      "overwrite": true,
      "signed": true,
      "autoCommit": true,
      "encode": "<Function encode>",
      "decode": "<Function decode>",
      "genid": "<Function v4>"
    },
    "security": {
      "domainWhiteList": [
        "http://localhost:7001"
      ],
      "protocolWhiteList": [],
      "defaultMiddleware": "csrf,hsts,methodnoallow,noopen,nosniff,csp,xssProtection,xframe,dta",
      "csrf": {
        "enable": false,
        "type": "ctoken",
        "ignoreJSON": false,
        "useSession": false,
        "cookieName": "csrfToken",
        "sessionName": "csrfToken",
        "headerName": "x-csrf-token",
        "bodyName": "_csrf",
        "queryName": "_csrf",
        "supportedRequests": [
          {
            "path": {},
            "methods": [
              "POST",
              "PATCH",
              "DELETE",
              "PUT",
              "CONNECT"
            ]
          }
        ],
        "refererWhiteList": []
      },
      "xframe": {
        "enable": true,
        "value": "SAMEORIGIN",
        "matching": "<Function anonymous>"
      },
      "hsts": {
        "enable": false,
        "maxAge": 31536000,
        "includeSubdomains": false
      },
      "dta": {
        "enable": true,
        "matching": "<Function anonymous>"
      },
      "methodnoallow": {
        "enable": true,
        "matching": "<Function anonymous>"
      },
      "noopen": {
        "enable": true,
        "matching": "<Function anonymous>"
      },
      "nosniff": {
        "enable": true,
        "matching": "<Function anonymous>"
      },
      "referrerPolicy": {
        "enable": false,
        "value": "no-referrer-when-downgrade"
      },
      "xssProtection": {
        "enable": true,
        "value": "1; mode=block",
        "matching": "<Function anonymous>"
      },
      "csp": {
        "enable": false,
        "policy": {}
      },
      "ssrf": {
        "ipBlackList": null,
        "ipExceptionList": null,
        "checkAddress": null
      },
      "_protocolWhiteListSet": "<Set>"
    },
    "helper": {
      "shtml": {}
    },
    "jsonp": {
      "limit": 50,
      "callback": [
        "_callback",
        "callback"
      ],
      "csrf": false
    },
    "onerror": {
      "errorPageUrl": "",
      "appErrorFilter": null,
      "templatePath": "E:\\Pengjie\\EOS\\server\\node_modules\\_egg-onerror@2.2.0@egg-onerror\\lib\\onerror_page.mustache"
    },
    "i18n": {
      "defaultLocale": "en_US",
      "dirs": [
        "E:\\Pengjie\\EOS\\server\\node_modules\\_egg-session@3.3.0@egg-session\\config\\locales",
        "E:\\Pengjie\\EOS\\server\\node_modules\\_egg-security@2.11.0@egg-security\\config\\locales",
        "E:\\Pengjie\\EOS\\server\\node_modules\\_egg-jsonp@2.0.0@egg-jsonp\\config\\locales",
        "E:\\Pengjie\\EOS\\server\\node_modules\\_egg-onerror@2.2.0@egg-onerror\\config\\locales",
        "E:\\Pengjie\\EOS\\server\\node_modules\\_egg-i18n@2.1.1@egg-i18n\\config\\locales",
        "E:\\Pengjie\\EOS\\server\\node_modules\\_egg-watcher@3.1.1@egg-watcher\\config\\locales",
        "E:\\Pengjie\\EOS\\server\\node_modules\\_egg-schedule@4.0.0@egg-schedule\\config\\locales",
        "E:\\Pengjie\\EOS\\server\\node_modules\\_egg-multipart@3.3.0@egg-multipart\\config\\locales",
        "E:\\Pengjie\\EOS\\server\\node_modules\\_egg-development@2.7.0@egg-development\\config\\locales",
        "E:\\Pengjie\\EOS\\server\\node_modules\\_egg-logrotator@3.1.0@egg-logrotator\\config\\locales",
        "E:\\Pengjie\\EOS\\server\\node_modules\\_egg-static@2.3.1@egg-static\\config\\locales",
        "E:\\Pengjie\\EOS\\server\\node_modules\\_egg-view@2.1.4@egg-view\\config\\locales",
        "E:\\Pengjie\\EOS\\server\\node_modules\\_egg-sequelize@6.0.0@egg-sequelize\\config\\locales",
        "E:\\Pengjie\\EOS\\server\\node_modules\\_egg-validate@2.0.2@egg-validate\\config\\locales",
        "E:\\Pengjie\\EOS\\server\\node_modules\\_egg-jwt@3.1.7@egg-jwt\\config\\locales",
        "E:\\Pengjie\\EOS\\server\\node_modules\\_egg-view-nunjucks@2.3.0@egg-view-nunjucks\\config\\locales",
        "E:\\Pengjie\\EOS\\server\\node_modules\\_egg@3.15.0@egg\\config\\locales",
        "E:\\Pengjie\\EOS\\server\\config\\locales"
      ],
      "queryField": "locale",
      "cookieField": "locale",
      "cookieDomain": "",
      "cookieMaxAge": "1y",
      "functionName": "__"
    },
    "watcher": {
      "type": "development",
      "eventSources": {
        "default": "E:\\Pengjie\\EOS\\server\\node_modules\\_egg-watcher@3.1.1@egg-watcher\\lib\\event-sources\\default",
        "development": "E:\\Pengjie\\EOS\\server\\node_modules\\_egg-watcher@3.1.1@egg-watcher\\lib\\event-sources\\development"
      }
    },
    "customLogger": {
      "scheduleLogger": {
        "consoleLevel": "NONE",
        "file": "egg-schedule.log"
      }
    },
    "schedule": {
      "directory": []
    },
    "multipart": {
      "mode": "file",
      "autoFields": false,
      "defaultCharset": "utf8",
      "defaultParamCharset": "utf8",
      "fieldNameSize": 100,
      "fieldSize": 102400,
      "fields": 10,
      "fileSize": 104857600,
      "files": 10,
      "fileExtensions": [],
      "whitelist": [
        ".png",
        ".jpg"
      ],
      "allowArrayField": false,
      "tmpdir": "C:\\Users\\DELL\\AppData\\Local\\Temp\\egg-multipart-tmp\\server",
      "cleanSchedule": {
        "cron": "0 30 4 * * *",
        "disable": false
      },
      "checkFile": "<Function anonymous>"
    },
    "development": {
      "watchDirs": [],
      "ignoreDirs": [],
      "fastReady": false,
      "reloadOnDebug": true,
      "overrideDefault": false,
      "overrideIgnore": false
    },
    "logrotator": {
      "filesRotateByHour": null,
      "hourDelimiter": "-",
      "filesRotateBySize": null,
      "maxFileSize": 52428800,
      "maxFiles": 10,
      "rotateDuration": 60000,
      "maxDays": 31
    },
    "static": {
      "prefix": "/",
      "dir": [
        "E:\\Pengjie\\EOS\\server\\public\\dist"
      ],
      "dynamic": true,
      "preload": false,
      "buffer": false,
      "maxFiles": 1000
    },
    "view": {
      "root": [
        "E:\\Pengjie\\EOS\\server\\public\\dist"
      ],
      "cache": false,
      "defaultExtension": ".html",
      "defaultViewEngine": "nunjucks",
      "mapping": {
        ".html": "nunjucks"
      }
    },
    "sequelize": {
      "dialect": "mysql",
      "database": "",
      "host": "localhost",
      "port": 3306,
      "username": "root",
      "password": "<String len: 0>",
      "datasources": [
        {
          "delegate": "model",
          "baseDir": "model",
          "dialect": "mssql",
          "database": "eos_development",
          "host": "woke.qinqinwater.cn",
          "port": 1433,
          "timezone": "+08:00",
          "define": {
            "charset": "utf8mb4",
            "collate": "utf8mb4_general_ci",
            "freezeTableName": true,
            "timestamps": true,
            "paranoid": true,
            "createdAt": "created_at",
            "updatedAt": "updated_at",
            "underscored": true
          },
          "dialectOptions": {
            "options": {
              "encrypt": false,
              "enableArithAbort": false
            },
            "decimalNumbers": true,
            "dateStrings": true
          },
          "username": "dms",
          "password": "zsdmsdmm@123456"
        }
      ]
    },
    "validate": {},
    "jwt": {
      "secret": "<String len: 6>",
      "enable": false
    },
    "nunjucks": {
      "autoescape": true,
      "throwOnUndefined": false,
      "trimBlocks": false,
      "lstripBlocks": false,
      "cache": false
    },
    "env": "local",
    "name": "server",
    "keys": "<String len: 24>",
    "cookies": {},
    "proxy": false,
    "maxIpsCount": 0,
    "maxProxyCount": 0,
    "protocolHeaders": "x-forwarded-proto",
    "ipHeaders": "x-forwarded-for",
    "hostHeaders": "",
    "pkg": {
      "name": "server",
      "version": "1.0.0",
      "description": "",
      "private": true,
      "egg": {
        "declarations": true
      },
      "dependencies": {
        "egg": "^3",
        "egg-jwt": "^3.1.7",
        "egg-scripts": "^2",
        "egg-sequelize": "^6.0.0",
        "egg-validate": "^2.0.2",
        "egg-view-nunjucks": "^2.3.0",
        "md5": "^2.3.0",
        "mysql2": "^3.2.0",
        "nodemailer": "^6.9.1",
        "request": "^2.88.2",
        "tedious": "^15.1.3"
      },
      "devDependencies": {
        "egg-bin": "^5",
        "egg-ci": "^2",
        "egg-mock": "^5",
        "eslint": "^8",
        "eslint-config-egg": "^12",
        "sequelize-cli": "^6.6.0"
      },
      "engines": {
        "node": ">=16.0.0"
      },
      "scripts": {
        "start": "egg-scripts start --daemon --title=egg-server-server",
        "stop": "egg-scripts stop --title=egg-server-server",
        "dev": "egg-bin dev",
        "debug": "egg-bin debug",
        "test": "npm run lint -- --fix && npm run test-local",
        "test-local": "egg-bin test",
        "cov": "egg-bin cov",
        "lint": "eslint .",
        "ci": "npm run lint && npm run cov"
      },
      "ci": {
        "version": "16, 18",
        "type": "github"
      },
      "repository": {
        "type": "git",
        "url": ""
      },
      "author": "",
      "license": "MIT"
    },
    "baseDir": "E:\\Pengjie\\EOS\\server",
    "HOME": "C:\\Users\\DELL",
    "rundir": "E:\\Pengjie\\EOS\\server\\run",
    "dump": {
      "ignore": "<Set>",
      "timing": {
        "slowBootActionMinDuration": 5000
      }
    },
    "confusedConfigurations": {
      "bodyparser": "bodyParser",
      "notFound": "notfound",
      "sitefile": "siteFile",
      "middlewares": "middleware",
      "httpClient": "httpclient"
    },
    "notfound": {
      "pageUrl": ""
    },
    "siteFile": {
      "/favicon.ico": "<Buffer len: 4286>",
      "cacheControl": "public, max-age=2592000"
    },
    "bodyParser": {
      "enable": true,
      "encoding": "utf8",
      "formLimit": "1mb",
      "jsonLimit": "1mb",
      "textLimit": "1mb",
      "strict": true,
      "queryString": {
        "arrayLimit": 100,
        "depth": 5,
        "parameterLimit": 1000
      },
      "returnRawBody": true
    },
    "logger": {
      "dir": "E:\\Pengjie\\EOS\\server\\logs\\server",
      "encoding": "utf8",
      "env": "local",
      "level": "DEBUG",
      "consoleLevel": "INFO",
      "disableConsoleAfterReady": false,
      "outputJSON": false,
      "buffer": true,
      "appLogName": "server-web.log",
      "coreLogName": "egg-web.log",
      "agentLogName": "egg-agent.log",
      "errorLogName": "common-error.log",
      "coreLogger": {
        "consoleLevel": "WARN"
      },
      "allowDebugAtProd": false,
      "enablePerformanceTimer": false,
      "enableFastContextLogger": false,
      "type": "application",
      "localStorage": "<AsyncLocalStorage>"
    },
    "httpclient": {
      "enableDNSCache": false,
      "dnsCacheLookupInterval": 10000,
      "dnsCacheMaxLength": 1000,
      "request": {
        "timeout": 5000
      },
      "httpAgent": {
        "keepAlive": true,
        "freeSocketTimeout": 4000,
        "maxSockets": 9007199254740991,
        "maxFreeSockets": 256
      },
      "httpsAgent": {
        "keepAlive": true,
        "freeSocketTimeout": 4000,
        "maxSockets": 9007199254740991,
        "maxFreeSockets": 256
      },
      "useHttpClientNext": false
    },
    "meta": {
      "enable": true,
      "logging": false
    },
    "coreMiddleware": [
      "meta",
      "siteFile",
      "notfound",
      "static",
      "bodyParser",
      "overrideMethod",
      "multipart",
      "session",
      "securities",
      "i18n",
      "eggLoaderTrace"
    ],
    "workerStartTimeout": 600000,
    "serverTimeout": null,
    "cluster": {
      "listen": {
        "path": "",
        "port": 7001,
        "hostname": ""
      }
    },
    "clusterClient": {
      "maxWaitTime": 60000,
      "responseTimeout": 60000
    },
    "onClientError": null,
    "middleware": [
      "jwt",
      "checkToken",
      "where",
      "errorHandler"
    ],
    "writetoBCUrl": "http://165.232.172.190:3010/eos/batch-WritetoBCV2",
    "validateBCUrl": "http://165.232.172.190:3010/eos/batch-ValidateBCV2",
    "user_email": "504475705@qq.com",
    "auth_code": "adiclzwfzscxbggi",
    "coreMiddlewares": "~config~coreMiddleware",
    "appMiddlewares": "~config~middleware",
    "appMiddleware": "~config~middleware"
  },
  "plugins": {
    "onerror": {
      "enable": true,
      "package": "egg-onerror",
      "name": "onerror",
      "dependencies": [],
      "optionalDependencies": [
        "jsonp"
      ],
      "env": [],
      "from": "E:\\Pengjie\\EOS\\server\\node_modules\\_egg@3.15.0@egg\\config\\plugin.js",
      "path": "E:\\Pengjie\\EOS\\server\\node_modules\\_egg-onerror@2.2.0@egg-onerror",
      "version": "2.2.0"
    },
    "session": {
      "enable": true,
      "package": "egg-session",
      "name": "session",
      "dependencies": [],
      "optionalDependencies": [],
      "env": [],
      "from": "E:\\Pengjie\\EOS\\server\\node_modules\\_egg@3.15.0@egg\\config\\plugin.js",
      "path": "E:\\Pengjie\\EOS\\server\\node_modules\\_egg-session@3.3.0@egg-session",
      "version": "3.3.0"
    },
    "i18n": {
      "enable": true,
      "package": "egg-i18n",
      "name": "i18n",
      "dependencies": [],
      "optionalDependencies": [],
      "env": [],
      "from": "E:\\Pengjie\\EOS\\server\\node_modules\\_egg@3.15.0@egg\\config\\plugin.js",
      "path": "E:\\Pengjie\\EOS\\server\\node_modules\\_egg-i18n@2.1.1@egg-i18n",
      "version": "2.1.1"
    },
    "watcher": {
      "enable": true,
      "package": "egg-watcher",
      "name": "watcher",
      "dependencies": [],
      "optionalDependencies": [],
      "env": [],
      "from": "E:\\Pengjie\\EOS\\server\\node_modules\\_egg@3.15.0@egg\\config\\plugin.js",
      "path": "E:\\Pengjie\\EOS\\server\\node_modules\\_egg-watcher@3.1.1@egg-watcher",
      "version": "3.1.1",
      "dependents": [
        "development"
      ]
    },
    "multipart": {
      "enable": true,
      "package": "egg-multipart",
      "name": "multipart",
      "dependencies": [],
      "optionalDependencies": [
        "schedule"
      ],
      "env": [],
      "from": "E:\\Pengjie\\EOS\\server\\node_modules\\_egg@3.15.0@egg\\config\\plugin.js",
      "path": "E:\\Pengjie\\EOS\\server\\node_modules\\_egg-multipart@3.3.0@egg-multipart",
      "version": "3.3.0"
    },
    "security": {
      "enable": true,
      "package": "egg-security",
      "name": "security",
      "dependencies": [],
      "optionalDependencies": [
        "session"
      ],
      "env": [],
      "from": "E:\\Pengjie\\EOS\\server\\node_modules\\_egg@3.15.0@egg\\config\\plugin.js",
      "path": "E:\\Pengjie\\EOS\\server\\node_modules\\_egg-security@2.11.0@egg-security",
      "version": "2.11.0",
      "dependents": [
        "nunjucks"
      ]
    },
    "development": {
      "enable": true,
      "package": "egg-development",
      "name": "development",
      "dependencies": [
        "watcher"
      ],
      "optionalDependencies": [],
      "env": [
        "local"
      ],
      "from": "E:\\Pengjie\\EOS\\server\\node_modules\\_egg@3.15.0@egg\\config\\plugin.js",
      "path": "E:\\Pengjie\\EOS\\server\\node_modules\\_egg-development@2.7.0@egg-development",
      "version": "2.7.0"
    },
    "logrotator": {
      "enable": true,
      "package": "egg-logrotator",
      "name": "logrotator",
      "dependencies": [
        "schedule"
      ],
      "optionalDependencies": [],
      "env": [],
      "from": "E:\\Pengjie\\EOS\\server\\node_modules\\_egg@3.15.0@egg\\config\\plugin.js",
      "path": "E:\\Pengjie\\EOS\\server\\node_modules\\_egg-logrotator@3.1.0@egg-logrotator",
      "version": "3.1.0"
    },
    "schedule": {
      "enable": true,
      "package": "egg-schedule",
      "name": "schedule",
      "dependencies": [],
      "optionalDependencies": [],
      "env": [],
      "from": "E:\\Pengjie\\EOS\\server\\node_modules\\_egg@3.15.0@egg\\config\\plugin.js",
      "path": "E:\\Pengjie\\EOS\\server\\node_modules\\_egg-schedule@4.0.0@egg-schedule",
      "version": "4.0.0",
      "dependents": [
        "logrotator"
      ]
    },
    "static": {
      "enable": true,
      "package": "egg-static",
      "name": "static",
      "dependencies": [],
      "optionalDependencies": [],
      "env": [],
      "from": "E:\\Pengjie\\EOS\\server\\node_modules\\_egg@3.15.0@egg\\config\\plugin.js",
      "path": "E:\\Pengjie\\EOS\\server\\node_modules\\_egg-static@2.3.1@egg-static",
      "version": "2.3.1"
    },
    "jsonp": {
      "enable": true,
      "package": "egg-jsonp",
      "name": "jsonp",
      "dependencies": [],
      "optionalDependencies": [
        "security"
      ],
      "env": [],
      "from": "E:\\Pengjie\\EOS\\server\\node_modules\\_egg@3.15.0@egg\\config\\plugin.js",
      "path": "E:\\Pengjie\\EOS\\server\\node_modules\\_egg-jsonp@2.0.0@egg-jsonp",
      "version": "2.0.0"
    },
    "view": {
      "enable": true,
      "package": "egg-view",
      "name": "view",
      "dependencies": [],
      "optionalDependencies": [],
      "env": [],
      "from": "E:\\Pengjie\\EOS\\server\\node_modules\\_egg@3.15.0@egg\\config\\plugin.js",
      "path": "E:\\Pengjie\\EOS\\server\\node_modules\\_egg-view@2.1.4@egg-view",
      "version": "2.1.4",
      "dependents": [
        "nunjucks"
      ]
    },
    "sequelize": {
      "enable": true,
      "package": "egg-sequelize",
      "name": "sequelize",
      "dependencies": [],
      "optionalDependencies": [],
      "env": [],
      "from": "E:\\Pengjie\\EOS\\server\\config\\plugin.js",
      "path": "E:\\Pengjie\\EOS\\server\\node_modules\\_egg-sequelize@6.0.0@egg-sequelize",
      "version": "6.0.0"
    },
    "validate": {
      "enable": true,
      "package": "egg-validate",
      "name": "validate",
      "dependencies": [],
      "optionalDependencies": [],
      "env": [],
      "from": "E:\\Pengjie\\EOS\\server\\config\\plugin.js",
      "path": "E:\\Pengjie\\EOS\\server\\node_modules\\_egg-validate@2.0.2@egg-validate",
      "version": "2.0.2"
    },
    "jwt": {
      "enable": true,
      "package": "egg-jwt",
      "name": "jwt",
      "dependencies": [],
      "optionalDependencies": [
        "onerror"
      ],
      "env": [],
      "from": "E:\\Pengjie\\EOS\\server\\config\\plugin.js",
      "path": "E:\\Pengjie\\EOS\\server\\node_modules\\_egg-jwt@3.1.7@egg-jwt",
      "version": "3.1.7"
    },
    "nunjucks": {
      "enable": true,
      "package": "egg-view-nunjucks",
      "name": "nunjucks",
      "dependencies": [
        "security",
        "view"
      ],
      "optionalDependencies": [],
      "env": [],
      "from": "E:\\Pengjie\\EOS\\server\\config\\plugin.js",
      "path": "E:\\Pengjie\\EOS\\server\\node_modules\\_egg-view-nunjucks@2.3.0@egg-view-nunjucks",
      "version": "2.3.0"
    }
  },
  "appInfo": {
    "name": "server",
    "baseDir": "E:\\Pengjie\\EOS\\server",
    "env": "local",
    "scope": "",
    "HOME": "C:\\Users\\DELL",
    "pkg": {
      "name": "server",
      "version": "1.0.0",
      "description": "",
      "private": true,
      "egg": {
        "declarations": true
      },
      "dependencies": {
        "egg": "^3",
        "egg-jwt": "^3.1.7",
        "egg-scripts": "^2",
        "egg-sequelize": "^6.0.0",
        "egg-validate": "^2.0.2",
        "egg-view-nunjucks": "^2.3.0",
        "md5": "^2.3.0",
        "mysql2": "^3.2.0",
        "nodemailer": "^6.9.1",
        "request": "^2.88.2",
        "tedious": "^15.1.3"
      },
      "devDependencies": {
        "egg-bin": "^5",
        "egg-ci": "^2",
        "egg-mock": "^5",
        "eslint": "^8",
        "eslint-config-egg": "^12",
        "sequelize-cli": "^6.6.0"
      },
      "engines": {
        "node": ">=16.0.0"
      },
      "scripts": {
        "start": "egg-scripts start --daemon --title=egg-server-server",
        "stop": "egg-scripts stop --title=egg-server-server",
        "dev": "egg-bin dev",
        "debug": "egg-bin debug",
        "test": "npm run lint -- --fix && npm run test-local",
        "test-local": "egg-bin test",
        "cov": "egg-bin cov",
        "lint": "eslint .",
        "ci": "npm run lint && npm run cov"
      },
      "ci": {
        "version": "16, 18",
        "type": "github"
      },
      "repository": {
        "type": "git",
        "url": ""
      },
      "author": "",
      "license": "MIT"
    },
    "root": "E:\\Pengjie\\EOS\\server"
  }
}