[
  {
    "name": "Process Start",
    "start": 1693200849662,
    "end": 1693200850797,
    "duration": 1135,
    "pid": 10668,
    "index": 0
  },
  {
    "name": "Application Start",
    "start": 1693200850797,
    "end": 1693200852598,
    "duration": 1801,
    "pid": 10668,
    "index": 1
  },
  {
    "name": "Load Plugin",
    "start": 1693200850802,
    "end": 1693200850825,
    "duration": 23,
    "pid": 10668,
    "index": 2
  },
  {
    "name": "Load Config",
    "start": 1693200850825,
    "end": 1693200850850,
    "duration": 25,
    "pid": 10668,
    "index": 3
  },
  {
    "name": "Require(0) config/config.default.js",
    "start": 1693200850825,
    "end": 1693200850826,
    "duration": 1,
    "pid": 10668,
    "index": 4
  },
  {
    "name": "Require(1) node_modules/_egg-session@3.3.0@egg-session/config/config.default.js",
    "start": 1693200850827,
    "end": 1693200850828,
    "duration": 1,
    "pid": 10668,
    "index": 5
  },
  {
    "name": "Require(2) node_modules/_egg-security@2.11.0@egg-security/config/config.default.js",
    "start": 1693200850828,
    "end": 1693200850829,
    "duration": 1,
    "pid": 10668,
    "index": 6
  },
  {
    "name": "Require(3) node_modules/_egg-jsonp@2.0.0@egg-jsonp/config/config.default.js",
    "start": 1693200850829,
    "end": 1693200850830,
    "duration": 1,
    "pid": 10668,
    "index": 7
  },
  {
    "name": "Require(4) node_modules/_egg-onerror@2.2.0@egg-onerror/config/config.default.js",
    "start": 1693200850830,
    "end": 1693200850830,
    "duration": 0,
    "pid": 10668,
    "index": 8
  },
  {
    "name": "Require(5) node_modules/_egg-i18n@2.1.1@egg-i18n/config/config.default.js",
    "start": 1693200850831,
    "end": 1693200850831,
    "duration": 0,
    "pid": 10668,
    "index": 9
  },
  {
    "name": "Require(6) node_modules/_egg-watcher@3.1.1@egg-watcher/config/config.default.js",
    "start": 1693200850832,
    "end": 1693200850832,
    "duration": 0,
    "pid": 10668,
    "index": 10
  },
  {
    "name": "Require(7) node_modules/_egg-schedule@4.0.0@egg-schedule/config/config.default.js",
    "start": 1693200850833,
    "end": 1693200850833,
    "duration": 0,
    "pid": 10668,
    "index": 11
  },
  {
    "name": "Require(8) node_modules/_egg-multipart@3.3.0@egg-multipart/config/config.default.js",
    "start": 1693200850834,
    "end": 1693200850834,
    "duration": 0,
    "pid": 10668,
    "index": 12
  },
  {
    "name": "Require(9) node_modules/_egg-development@2.7.0@egg-development/config/config.default.js",
    "start": 1693200850835,
    "end": 1693200850835,
    "duration": 0,
    "pid": 10668,
    "index": 13
  },
  {
    "name": "Require(10) node_modules/_egg-logrotator@3.1.0@egg-logrotator/config/config.default.js",
    "start": 1693200850836,
    "end": 1693200850836,
    "duration": 0,
    "pid": 10668,
    "index": 14
  },
  {
    "name": "Require(11) node_modules/_egg-static@2.3.1@egg-static/config/config.default.js",
    "start": 1693200850836,
    "end": 1693200850837,
    "duration": 1,
    "pid": 10668,
    "index": 15
  },
  {
    "name": "Require(12) node_modules/_egg-view@2.1.4@egg-view/config/config.default.js",
    "start": 1693200850837,
    "end": 1693200850838,
    "duration": 1,
    "pid": 10668,
    "index": 16
  },
  {
    "name": "Require(13) node_modules/_egg-sequelize@6.0.0@egg-sequelize/config/config.default.js",
    "start": 1693200850838,
    "end": 1693200850839,
    "duration": 1,
    "pid": 10668,
    "index": 17
  },
  {
    "name": "Require(14) node_modules/_egg-validate@2.0.2@egg-validate/config/config.default.js",
    "start": 1693200850839,
    "end": 1693200850840,
    "duration": 1,
    "pid": 10668,
    "index": 18
  },
  {
    "name": "Require(15) node_modules/_egg-jwt@3.1.7@egg-jwt/config/config.default.js",
    "start": 1693200850840,
    "end": 1693200850841,
    "duration": 1,
    "pid": 10668,
    "index": 19
  },
  {
    "name": "Require(16) node_modules/_egg-view-nunjucks@2.3.0@egg-view-nunjucks/config/config.default.js",
    "start": 1693200850841,
    "end": 1693200850842,
    "duration": 1,
    "pid": 10668,
    "index": 20
  },
  {
    "name": "Require(17) node_modules/_egg@3.15.0@egg/config/config.default.js",
    "start": 1693200850842,
    "end": 1693200850843,
    "duration": 1,
    "pid": 10668,
    "index": 21
  },
  {
    "name": "Require(18) config/config.default.js",
    "start": 1693200850843,
    "end": 1693200850843,
    "duration": 0,
    "pid": 10668,
    "index": 22
  },
  {
    "name": "Require(19) node_modules/_egg-security@2.11.0@egg-security/config/config.local.js",
    "start": 1693200850844,
    "end": 1693200850845,
    "duration": 1,
    "pid": 10668,
    "index": 23
  },
  {
    "name": "Require(20) node_modules/_egg-watcher@3.1.1@egg-watcher/config/config.local.js",
    "start": 1693200850846,
    "end": 1693200850846,
    "duration": 0,
    "pid": 10668,
    "index": 24
  },
  {
    "name": "Require(21) node_modules/_egg-view@2.1.4@egg-view/config/config.local.js",
    "start": 1693200850848,
    "end": 1693200850848,
    "duration": 0,
    "pid": 10668,
    "index": 25
  },
  {
    "name": "Require(22) node_modules/_egg-view-nunjucks@2.3.0@egg-view-nunjucks/config/config.local.js",
    "start": 1693200850849,
    "end": 1693200850849,
    "duration": 0,
    "pid": 10668,
    "index": 26
  },
  {
    "name": "Require(23) node_modules/_egg@3.15.0@egg/config/config.local.js",
    "start": 1693200850850,
    "end": 1693200850850,
    "duration": 0,
    "pid": 10668,
    "index": 27
  },
  {
    "name": "Load extend/application.js",
    "start": 1693200850851,
    "end": 1693200851009,
    "duration": 158,
    "pid": 10668,
    "index": 28
  },
  {
    "name": "Require(24) node_modules/_egg-session@3.3.0@egg-session/app/extend/application.js",
    "start": 1693200850852,
    "end": 1693200850853,
    "duration": 1,
    "pid": 10668,
    "index": 29
  },
  {
    "name": "Require(25) node_modules/_egg-security@2.11.0@egg-security/app/extend/application.js",
    "start": 1693200850854,
    "end": 1693200850856,
    "duration": 2,
    "pid": 10668,
    "index": 30
  },
  {
    "name": "Require(26) node_modules/_egg-jsonp@2.0.0@egg-jsonp/app/extend/application.js",
    "start": 1693200850856,
    "end": 1693200850860,
    "duration": 4,
    "pid": 10668,
    "index": 31
  },
  {
    "name": "Require(27) node_modules/_egg-schedule@4.0.0@egg-schedule/app/extend/application.js",
    "start": 1693200850861,
    "end": 1693200850864,
    "duration": 3,
    "pid": 10668,
    "index": 32
  },
  {
    "name": "Require(28) node_modules/_egg-logrotator@3.1.0@egg-logrotator/app/extend/application.js",
    "start": 1693200850865,
    "end": 1693200850870,
    "duration": 5,
    "pid": 10668,
    "index": 33
  },
  {
    "name": "Require(29) node_modules/_egg-view@2.1.4@egg-view/app/extend/application.js",
    "start": 1693200850872,
    "end": 1693200850877,
    "duration": 5,
    "pid": 10668,
    "index": 34
  },
  {
    "name": "Require(30) node_modules/_egg-jwt@3.1.7@egg-jwt/app/extend/application.js",
    "start": 1693200850878,
    "end": 1693200850953,
    "duration": 75,
    "pid": 10668,
    "index": 35
  },
  {
    "name": "Require(31) node_modules/_egg-view-nunjucks@2.3.0@egg-view-nunjucks/app/extend/application.js",
    "start": 1693200850954,
    "end": 1693200851004,
    "duration": 50,
    "pid": 10668,
    "index": 36
  },
  {
    "name": "Load extend/request.js",
    "start": 1693200851010,
    "end": 1693200851021,
    "duration": 11,
    "pid": 10668,
    "index": 37
  },
  {
    "name": "Require(32) node_modules/_egg@3.15.0@egg/app/extend/request.js",
    "start": 1693200851014,
    "end": 1693200851016,
    "duration": 2,
    "pid": 10668,
    "index": 38
  },
  {
    "name": "Load extend/response.js",
    "start": 1693200851021,
    "end": 1693200851036,
    "duration": 15,
    "pid": 10668,
    "index": 39
  },
  {
    "name": "Require(33) node_modules/_egg@3.15.0@egg/app/extend/response.js",
    "start": 1693200851025,
    "end": 1693200851031,
    "duration": 6,
    "pid": 10668,
    "index": 40
  },
  {
    "name": "Load extend/context.js",
    "start": 1693200851036,
    "end": 1693200851082,
    "duration": 46,
    "pid": 10668,
    "index": 41
  },
  {
    "name": "Require(34) node_modules/_egg-security@2.11.0@egg-security/app/extend/context.js",
    "start": 1693200851037,
    "end": 1693200851052,
    "duration": 15,
    "pid": 10668,
    "index": 42
  },
  {
    "name": "Require(35) node_modules/_egg-jsonp@2.0.0@egg-jsonp/app/extend/context.js",
    "start": 1693200851052,
    "end": 1693200851054,
    "duration": 2,
    "pid": 10668,
    "index": 43
  },
  {
    "name": "Require(36) node_modules/_egg-i18n@2.1.1@egg-i18n/app/extend/context.js",
    "start": 1693200851054,
    "end": 1693200851055,
    "duration": 1,
    "pid": 10668,
    "index": 44
  },
  {
    "name": "Require(37) node_modules/_egg-multipart@3.3.0@egg-multipart/app/extend/context.js",
    "start": 1693200851056,
    "end": 1693200851071,
    "duration": 15,
    "pid": 10668,
    "index": 45
  },
  {
    "name": "Require(38) node_modules/_egg-view@2.1.4@egg-view/app/extend/context.js",
    "start": 1693200851072,
    "end": 1693200851072,
    "duration": 0,
    "pid": 10668,
    "index": 46
  },
  {
    "name": "Require(39) node_modules/_egg-validate@2.0.2@egg-validate/app/extend/context.js",
    "start": 1693200851073,
    "end": 1693200851074,
    "duration": 1,
    "pid": 10668,
    "index": 47
  },
  {
    "name": "Require(40) node_modules/_egg@3.15.0@egg/app/extend/context.js",
    "start": 1693200851075,
    "end": 1693200851078,
    "duration": 3,
    "pid": 10668,
    "index": 48
  },
  {
    "name": "Load extend/helper.js",
    "start": 1693200851082,
    "end": 1693200851120,
    "duration": 38,
    "pid": 10668,
    "index": 49
  },
  {
    "name": "Require(41) node_modules/_egg-security@2.11.0@egg-security/app/extend/helper.js",
    "start": 1693200851083,
    "end": 1693200851111,
    "duration": 28,
    "pid": 10668,
    "index": 50
  },
  {
    "name": "Require(42) node_modules/_egg@3.15.0@egg/app/extend/helper.js",
    "start": 1693200851115,
    "end": 1693200851115,
    "duration": 0,
    "pid": 10668,
    "index": 51
  },
  {
    "name": "Load app.js",
    "start": 1693200851120,
    "end": 1693200851183,
    "duration": 63,
    "pid": 10668,
    "index": 52
  },
  {
    "name": "Require(43) node_modules/_egg-session@3.3.0@egg-session/app.js",
    "start": 1693200851120,
    "end": 1693200851121,
    "duration": 1,
    "pid": 10668,
    "index": 53
  },
  {
    "name": "Require(44) node_modules/_egg-security@2.11.0@egg-security/app.js",
    "start": 1693200851122,
    "end": 1693200851125,
    "duration": 3,
    "pid": 10668,
    "index": 54
  },
  {
    "name": "Require(45) node_modules/_egg-onerror@2.2.0@egg-onerror/app.js",
    "start": 1693200851126,
    "end": 1693200851147,
    "duration": 21,
    "pid": 10668,
    "index": 55
  },
  {
    "name": "Require(46) node_modules/_egg-i18n@2.1.1@egg-i18n/app.js",
    "start": 1693200851148,
    "end": 1693200851163,
    "duration": 15,
    "pid": 10668,
    "index": 56
  },
  {
    "name": "Require(47) node_modules/_egg-watcher@3.1.1@egg-watcher/app.js",
    "start": 1693200851163,
    "end": 1693200851169,
    "duration": 6,
    "pid": 10668,
    "index": 57
  },
  {
    "name": "Require(48) node_modules/_egg-schedule@4.0.0@egg-schedule/app.js",
    "start": 1693200851169,
    "end": 1693200851170,
    "duration": 1,
    "pid": 10668,
    "index": 58
  },
  {
    "name": "Require(49) node_modules/_egg-multipart@3.3.0@egg-multipart/app.js",
    "start": 1693200851171,
    "end": 1693200851173,
    "duration": 2,
    "pid": 10668,
    "index": 59
  },
  {
    "name": "Require(50) node_modules/_egg-development@2.7.0@egg-development/app.js",
    "start": 1693200851173,
    "end": 1693200851174,
    "duration": 1,
    "pid": 10668,
    "index": 60
  },
  {
    "name": "Require(51) node_modules/_egg-logrotator@3.1.0@egg-logrotator/app.js",
    "start": 1693200851174,
    "end": 1693200851174,
    "duration": 0,
    "pid": 10668,
    "index": 61
  },
  {
    "name": "Require(52) node_modules/_egg-static@2.3.1@egg-static/app.js",
    "start": 1693200851175,
    "end": 1693200851175,
    "duration": 0,
    "pid": 10668,
    "index": 62
  },
  {
    "name": "Require(53) node_modules/_egg-sequelize@6.0.0@egg-sequelize/app.js",
    "start": 1693200851176,
    "end": 1693200851176,
    "duration": 0,
    "pid": 10668,
    "index": 63
  },
  {
    "name": "Require(54) node_modules/_egg-validate@2.0.2@egg-validate/app.js",
    "start": 1693200851177,
    "end": 1693200851180,
    "duration": 3,
    "pid": 10668,
    "index": 64
  },
  {
    "name": "Require(55) node_modules/_egg-jwt@3.1.7@egg-jwt/app.js",
    "start": 1693200851180,
    "end": 1693200851181,
    "duration": 1,
    "pid": 10668,
    "index": 65
  },
  {
    "name": "Require(56) node_modules/_egg-view-nunjucks@2.3.0@egg-view-nunjucks/app.js",
    "start": 1693200851181,
    "end": 1693200851181,
    "duration": 0,
    "pid": 10668,
    "index": 66
  },
  {
    "name": "Before Start in node_modules/_egg-watcher@3.1.1@egg-watcher/lib/init.js:15:14",
    "start": 1693200851192,
    "end": 1693200852118,
    "duration": 926,
    "pid": 10668,
    "index": 67
  },
  {
    "name": "Load \"Symbol(model)\" to Application",
    "start": 1693200851796,
    "end": 1693200851829,
    "duration": 33,
    "pid": 10668,
    "index": 68
  },
  {
    "name": "Before Start in node_modules/_egg-sequelize@6.0.0@egg-sequelize/lib/loader.js:39:7",
    "start": 1693200851838,
    "end": 1693200852597,
    "duration": 759,
    "pid": 10668,
    "index": 69
  },
  {
    "name": "Load Service",
    "start": 1693200851842,
    "end": 1693200851947,
    "duration": 105,
    "pid": 10668,
    "index": 70
  },
  {
    "name": "Load \"service\" to Context",
    "start": 1693200851842,
    "end": 1693200851947,
    "duration": 105,
    "pid": 10668,
    "index": 71
  },
  {
    "name": "Load Middleware",
    "start": 1693200851947,
    "end": 1693200852071,
    "duration": 124,
    "pid": 10668,
    "index": 72
  },
  {
    "name": "Load \"middlewares\" to Application",
    "start": 1693200851947,
    "end": 1693200852061,
    "duration": 114,
    "pid": 10668,
    "index": 73
  },
  {
    "name": "Load Controller",
    "start": 1693200852071,
    "end": 1693200852091,
    "duration": 20,
    "pid": 10668,
    "index": 74
  },
  {
    "name": "Load \"controller\" to Application",
    "start": 1693200852071,
    "end": 1693200852091,
    "duration": 20,
    "pid": 10668,
    "index": 75
  },
  {
    "name": "Load Router",
    "start": 1693200852091,
    "end": 1693200852094,
    "duration": 3,
    "pid": 10668,
    "index": 76
  },
  {
    "name": "Require(57) app/router.js",
    "start": 1693200852092,
    "end": 1693200852092,
    "duration": 0,
    "pid": 10668,
    "index": 77
  },
  {
    "name": "Before Start in node_modules/_egg-core@5.3.1@egg-core/lib/egg.js:304:10",
    "start": 1693200852092,
    "end": 1693200852106,
    "duration": 14,
    "pid": 10668,
    "index": 78
  },
  {
    "name": "Before Start in app/router.js:8:9",
    "start": 1693200852092,
    "end": 1693200852106,
    "duration": 14,
    "pid": 10668,
    "index": 79
  }
]