[
  {
    "name": "Process Start",
    "start": 1685986796274,
    "end": 1685986797169,
    "duration": 895,
    "pid": 12980,
    "index": 0
  },
  {
    "name": "Application Start",
    "start": 1685986797170,
    "end": 1685986798837,
    "duration": 1667,
    "pid": 12980,
    "index": 1
  },
  {
    "name": "Load Plugin",
    "start": 1685986797173,
    "end": 1685986797190,
    "duration": 17,
    "pid": 12980,
    "index": 2
  },
  {
    "name": "Load Config",
    "start": 1685986797190,
    "end": 1685986797218,
    "duration": 28,
    "pid": 12980,
    "index": 3
  },
  {
    "name": "Require(0) config/config.default.js",
    "start": 1685986797191,
    "end": 1685986797191,
    "duration": 0,
    "pid": 12980,
    "index": 4
  },
  {
    "name": "Require(1) node_modules/_egg-session@3.3.0@egg-session/config/config.default.js",
    "start": 1685986797193,
    "end": 1685986797193,
    "duration": 0,
    "pid": 12980,
    "index": 5
  },
  {
    "name": "Require(2) node_modules/_egg-security@2.11.0@egg-security/config/config.default.js",
    "start": 1685986797194,
    "end": 1685986797194,
    "duration": 0,
    "pid": 12980,
    "index": 6
  },
  {
    "name": "Require(3) node_modules/_egg-jsonp@2.0.0@egg-jsonp/config/config.default.js",
    "start": 1685986797195,
    "end": 1685986797196,
    "duration": 1,
    "pid": 12980,
    "index": 7
  },
  {
    "name": "Require(4) node_modules/_egg-onerror@2.2.0@egg-onerror/config/config.default.js",
    "start": 1685986797196,
    "end": 1685986797197,
    "duration": 1,
    "pid": 12980,
    "index": 8
  },
  {
    "name": "Require(5) node_modules/_egg-i18n@2.1.1@egg-i18n/config/config.default.js",
    "start": 1685986797197,
    "end": 1685986797198,
    "duration": 1,
    "pid": 12980,
    "index": 9
  },
  {
    "name": "Require(6) node_modules/_egg-watcher@3.1.1@egg-watcher/config/config.default.js",
    "start": 1685986797198,
    "end": 1685986797199,
    "duration": 1,
    "pid": 12980,
    "index": 10
  },
  {
    "name": "Require(7) node_modules/_egg-schedule@4.0.0@egg-schedule/config/config.default.js",
    "start": 1685986797199,
    "end": 1685986797200,
    "duration": 1,
    "pid": 12980,
    "index": 11
  },
  {
    "name": "Require(8) node_modules/_egg-multipart@3.3.0@egg-multipart/config/config.default.js",
    "start": 1685986797200,
    "end": 1685986797201,
    "duration": 1,
    "pid": 12980,
    "index": 12
  },
  {
    "name": "Require(9) node_modules/_egg-development@2.7.0@egg-development/config/config.default.js",
    "start": 1685986797202,
    "end": 1685986797202,
    "duration": 0,
    "pid": 12980,
    "index": 13
  },
  {
    "name": "Require(10) node_modules/_egg-logrotator@3.1.0@egg-logrotator/config/config.default.js",
    "start": 1685986797203,
    "end": 1685986797203,
    "duration": 0,
    "pid": 12980,
    "index": 14
  },
  {
    "name": "Require(11) node_modules/_egg-static@2.3.1@egg-static/config/config.default.js",
    "start": 1685986797204,
    "end": 1685986797204,
    "duration": 0,
    "pid": 12980,
    "index": 15
  },
  {
    "name": "Require(12) node_modules/_egg-view@2.1.4@egg-view/config/config.default.js",
    "start": 1685986797205,
    "end": 1685986797205,
    "duration": 0,
    "pid": 12980,
    "index": 16
  },
  {
    "name": "Require(13) node_modules/_egg-sequelize@6.0.0@egg-sequelize/config/config.default.js",
    "start": 1685986797206,
    "end": 1685986797206,
    "duration": 0,
    "pid": 12980,
    "index": 17
  },
  {
    "name": "Require(14) node_modules/_egg-validate@2.0.2@egg-validate/config/config.default.js",
    "start": 1685986797207,
    "end": 1685986797207,
    "duration": 0,
    "pid": 12980,
    "index": 18
  },
  {
    "name": "Require(15) node_modules/_egg-jwt@3.1.7@egg-jwt/config/config.default.js",
    "start": 1685986797207,
    "end": 1685986797208,
    "duration": 1,
    "pid": 12980,
    "index": 19
  },
  {
    "name": "Require(16) node_modules/_egg-view-nunjucks@2.3.0@egg-view-nunjucks/config/config.default.js",
    "start": 1685986797208,
    "end": 1685986797209,
    "duration": 1,
    "pid": 12980,
    "index": 20
  },
  {
    "name": "Require(17) node_modules/_egg@3.15.0@egg/config/config.default.js",
    "start": 1685986797209,
    "end": 1685986797210,
    "duration": 1,
    "pid": 12980,
    "index": 21
  },
  {
    "name": "Require(18) config/config.default.js",
    "start": 1685986797211,
    "end": 1685986797211,
    "duration": 0,
    "pid": 12980,
    "index": 22
  },
  {
    "name": "Require(19) node_modules/_egg-security@2.11.0@egg-security/config/config.local.js",
    "start": 1685986797212,
    "end": 1685986797212,
    "duration": 0,
    "pid": 12980,
    "index": 23
  },
  {
    "name": "Require(20) node_modules/_egg-watcher@3.1.1@egg-watcher/config/config.local.js",
    "start": 1685986797213,
    "end": 1685986797214,
    "duration": 1,
    "pid": 12980,
    "index": 24
  },
  {
    "name": "Require(21) node_modules/_egg-view@2.1.4@egg-view/config/config.local.js",
    "start": 1685986797215,
    "end": 1685986797216,
    "duration": 1,
    "pid": 12980,
    "index": 25
  },
  {
    "name": "Require(22) node_modules/_egg-view-nunjucks@2.3.0@egg-view-nunjucks/config/config.local.js",
    "start": 1685986797217,
    "end": 1685986797217,
    "duration": 0,
    "pid": 12980,
    "index": 26
  },
  {
    "name": "Require(23) node_modules/_egg@3.15.0@egg/config/config.local.js",
    "start": 1685986797217,
    "end": 1685986797218,
    "duration": 1,
    "pid": 12980,
    "index": 27
  },
  {
    "name": "Load extend/application.js",
    "start": 1685986797219,
    "end": 1685986797307,
    "duration": 88,
    "pid": 12980,
    "index": 28
  },
  {
    "name": "Require(24) node_modules/_egg-session@3.3.0@egg-session/app/extend/application.js",
    "start": 1685986797220,
    "end": 1685986797220,
    "duration": 0,
    "pid": 12980,
    "index": 29
  },
  {
    "name": "Require(25) node_modules/_egg-security@2.11.0@egg-security/app/extend/application.js",
    "start": 1685986797221,
    "end": 1685986797221,
    "duration": 0,
    "pid": 12980,
    "index": 30
  },
  {
    "name": "Require(26) node_modules/_egg-jsonp@2.0.0@egg-jsonp/app/extend/application.js",
    "start": 1685986797222,
    "end": 1685986797226,
    "duration": 4,
    "pid": 12980,
    "index": 31
  },
  {
    "name": "Require(27) node_modules/_egg-schedule@4.0.0@egg-schedule/app/extend/application.js",
    "start": 1685986797227,
    "end": 1685986797229,
    "duration": 2,
    "pid": 12980,
    "index": 32
  },
  {
    "name": "Require(28) node_modules/_egg-logrotator@3.1.0@egg-logrotator/app/extend/application.js",
    "start": 1685986797231,
    "end": 1685986797234,
    "duration": 3,
    "pid": 12980,
    "index": 33
  },
  {
    "name": "Require(29) node_modules/_egg-view@2.1.4@egg-view/app/extend/application.js",
    "start": 1685986797235,
    "end": 1685986797237,
    "duration": 2,
    "pid": 12980,
    "index": 34
  },
  {
    "name": "Require(30) node_modules/_egg-jwt@3.1.7@egg-jwt/app/extend/application.js",
    "start": 1685986797238,
    "end": 1685986797278,
    "duration": 40,
    "pid": 12980,
    "index": 35
  },
  {
    "name": "Require(31) node_modules/_egg-view-nunjucks@2.3.0@egg-view-nunjucks/app/extend/application.js",
    "start": 1685986797278,
    "end": 1685986797302,
    "duration": 24,
    "pid": 12980,
    "index": 36
  },
  {
    "name": "Load extend/request.js",
    "start": 1685986797307,
    "end": 1685986797317,
    "duration": 10,
    "pid": 12980,
    "index": 37
  },
  {
    "name": "Require(32) node_modules/_egg@3.15.0@egg/app/extend/request.js",
    "start": 1685986797311,
    "end": 1685986797313,
    "duration": 2,
    "pid": 12980,
    "index": 38
  },
  {
    "name": "Load extend/response.js",
    "start": 1685986797317,
    "end": 1685986797329,
    "duration": 12,
    "pid": 12980,
    "index": 39
  },
  {
    "name": "Require(33) node_modules/_egg@3.15.0@egg/app/extend/response.js",
    "start": 1685986797321,
    "end": 1685986797324,
    "duration": 3,
    "pid": 12980,
    "index": 40
  },
  {
    "name": "Load extend/context.js",
    "start": 1685986797329,
    "end": 1685986797369,
    "duration": 40,
    "pid": 12980,
    "index": 41
  },
  {
    "name": "Require(34) node_modules/_egg-security@2.11.0@egg-security/app/extend/context.js",
    "start": 1685986797330,
    "end": 1685986797342,
    "duration": 12,
    "pid": 12980,
    "index": 42
  },
  {
    "name": "Require(35) node_modules/_egg-jsonp@2.0.0@egg-jsonp/app/extend/context.js",
    "start": 1685986797342,
    "end": 1685986797344,
    "duration": 2,
    "pid": 12980,
    "index": 43
  },
  {
    "name": "Require(36) node_modules/_egg-i18n@2.1.1@egg-i18n/app/extend/context.js",
    "start": 1685986797344,
    "end": 1685986797345,
    "duration": 1,
    "pid": 12980,
    "index": 44
  },
  {
    "name": "Require(37) node_modules/_egg-multipart@3.3.0@egg-multipart/app/extend/context.js",
    "start": 1685986797345,
    "end": 1685986797358,
    "duration": 13,
    "pid": 12980,
    "index": 45
  },
  {
    "name": "Require(38) node_modules/_egg-view@2.1.4@egg-view/app/extend/context.js",
    "start": 1685986797360,
    "end": 1685986797361,
    "duration": 1,
    "pid": 12980,
    "index": 46
  },
  {
    "name": "Require(39) node_modules/_egg-validate@2.0.2@egg-validate/app/extend/context.js",
    "start": 1685986797361,
    "end": 1685986797362,
    "duration": 1,
    "pid": 12980,
    "index": 47
  },
  {
    "name": "Require(40) node_modules/_egg@3.15.0@egg/app/extend/context.js",
    "start": 1685986797363,
    "end": 1685986797365,
    "duration": 2,
    "pid": 12980,
    "index": 48
  },
  {
    "name": "Load extend/helper.js",
    "start": 1685986797369,
    "end": 1685986797398,
    "duration": 29,
    "pid": 12980,
    "index": 49
  },
  {
    "name": "Require(41) node_modules/_egg-security@2.11.0@egg-security/app/extend/helper.js",
    "start": 1685986797370,
    "end": 1685986797389,
    "duration": 19,
    "pid": 12980,
    "index": 50
  },
  {
    "name": "Require(42) node_modules/_egg@3.15.0@egg/app/extend/helper.js",
    "start": 1685986797393,
    "end": 1685986797393,
    "duration": 0,
    "pid": 12980,
    "index": 51
  },
  {
    "name": "Load app.js",
    "start": 1685986797398,
    "end": 1685986797428,
    "duration": 30,
    "pid": 12980,
    "index": 52
  },
  {
    "name": "Require(43) node_modules/_egg-session@3.3.0@egg-session/app.js",
    "start": 1685986797398,
    "end": 1685986797399,
    "duration": 1,
    "pid": 12980,
    "index": 53
  },
  {
    "name": "Require(44) node_modules/_egg-security@2.11.0@egg-security/app.js",
    "start": 1685986797399,
    "end": 1685986797401,
    "duration": 2,
    "pid": 12980,
    "index": 54
  },
  {
    "name": "Require(45) node_modules/_egg-onerror@2.2.0@egg-onerror/app.js",
    "start": 1685986797401,
    "end": 1685986797410,
    "duration": 9,
    "pid": 12980,
    "index": 55
  },
  {
    "name": "Require(46) node_modules/_egg-i18n@2.1.1@egg-i18n/app.js",
    "start": 1685986797410,
    "end": 1685986797416,
    "duration": 6,
    "pid": 12980,
    "index": 56
  },
  {
    "name": "Require(47) node_modules/_egg-watcher@3.1.1@egg-watcher/app.js",
    "start": 1685986797416,
    "end": 1685986797420,
    "duration": 4,
    "pid": 12980,
    "index": 57
  },
  {
    "name": "Require(48) node_modules/_egg-schedule@4.0.0@egg-schedule/app.js",
    "start": 1685986797420,
    "end": 1685986797421,
    "duration": 1,
    "pid": 12980,
    "index": 58
  },
  {
    "name": "Require(49) node_modules/_egg-multipart@3.3.0@egg-multipart/app.js",
    "start": 1685986797421,
    "end": 1685986797422,
    "duration": 1,
    "pid": 12980,
    "index": 59
  },
  {
    "name": "Require(50) node_modules/_egg-development@2.7.0@egg-development/app.js",
    "start": 1685986797422,
    "end": 1685986797422,
    "duration": 0,
    "pid": 12980,
    "index": 60
  },
  {
    "name": "Require(51) node_modules/_egg-logrotator@3.1.0@egg-logrotator/app.js",
    "start": 1685986797423,
    "end": 1685986797423,
    "duration": 0,
    "pid": 12980,
    "index": 61
  },
  {
    "name": "Require(52) node_modules/_egg-static@2.3.1@egg-static/app.js",
    "start": 1685986797423,
    "end": 1685986797423,
    "duration": 0,
    "pid": 12980,
    "index": 62
  },
  {
    "name": "Require(53) node_modules/_egg-sequelize@6.0.0@egg-sequelize/app.js",
    "start": 1685986797424,
    "end": 1685986797424,
    "duration": 0,
    "pid": 12980,
    "index": 63
  },
  {
    "name": "Require(54) node_modules/_egg-validate@2.0.2@egg-validate/app.js",
    "start": 1685986797424,
    "end": 1685986797426,
    "duration": 2,
    "pid": 12980,
    "index": 64
  },
  {
    "name": "Require(55) node_modules/_egg-jwt@3.1.7@egg-jwt/app.js",
    "start": 1685986797426,
    "end": 1685986797426,
    "duration": 0,
    "pid": 12980,
    "index": 65
  },
  {
    "name": "Require(56) node_modules/_egg-view-nunjucks@2.3.0@egg-view-nunjucks/app.js",
    "start": 1685986797427,
    "end": 1685986797427,
    "duration": 0,
    "pid": 12980,
    "index": 66
  },
  {
    "name": "Before Start in node_modules/_egg-watcher@3.1.1@egg-watcher/lib/init.js:15:14",
    "start": 1685986797436,
    "end": 1685986798302,
    "duration": 866,
    "pid": 12980,
    "index": 67
  },
  {
    "name": "Load \"Symbol(model)\" to Application",
    "start": 1685986798052,
    "end": 1685986798089,
    "duration": 37,
    "pid": 12980,
    "index": 68
  },
  {
    "name": "Before Start in node_modules/_egg-sequelize@6.0.0@egg-sequelize/lib/loader.js:39:7",
    "start": 1685986798095,
    "end": 1685986798836,
    "duration": 741,
    "pid": 12980,
    "index": 69
  },
  {
    "name": "Load Service",
    "start": 1685986798097,
    "end": 1685986798169,
    "duration": 72,
    "pid": 12980,
    "index": 70
  },
  {
    "name": "Load \"service\" to Context",
    "start": 1685986798097,
    "end": 1685986798169,
    "duration": 72,
    "pid": 12980,
    "index": 71
  },
  {
    "name": "Load Middleware",
    "start": 1685986798169,
    "end": 1685986798261,
    "duration": 92,
    "pid": 12980,
    "index": 72
  },
  {
    "name": "Load \"middlewares\" to Application",
    "start": 1685986798169,
    "end": 1685986798249,
    "duration": 80,
    "pid": 12980,
    "index": 73
  },
  {
    "name": "Load Controller",
    "start": 1685986798261,
    "end": 1685986798274,
    "duration": 13,
    "pid": 12980,
    "index": 74
  },
  {
    "name": "Load \"controller\" to Application",
    "start": 1685986798261,
    "end": 1685986798274,
    "duration": 13,
    "pid": 12980,
    "index": 75
  },
  {
    "name": "Load Router",
    "start": 1685986798274,
    "end": 1685986798277,
    "duration": 3,
    "pid": 12980,
    "index": 76
  },
  {
    "name": "Require(57) app/router.js",
    "start": 1685986798274,
    "end": 1685986798274,
    "duration": 0,
    "pid": 12980,
    "index": 77
  },
  {
    "name": "Before Start in node_modules/_egg-core@5.3.1@egg-core/lib/egg.js:304:10",
    "start": 1685986798275,
    "end": 1685986798289,
    "duration": 14,
    "pid": 12980,
    "index": 78
  },
  {
    "name": "Before Start in app/router.js:8:9",
    "start": 1685986798275,
    "end": 1685986798289,
    "duration": 14,
    "pid": 12980,
    "index": 79
  }
]