[
  {
    "name": "Process Start",
    "start": 1693208943147,
    "end": 1693208944372,
    "duration": 1225,
    "pid": 7936,
    "index": 0
  },
  {
    "name": "Application Start",
    "start": 1693208944373,
    "end": 1693208946084,
    "duration": 1711,
    "pid": 7936,
    "index": 1
  },
  {
    "name": "Load Plugin",
    "start": 1693208944378,
    "end": 1693208944402,
    "duration": 24,
    "pid": 7936,
    "index": 2
  },
  {
    "name": "Load Config",
    "start": 1693208944402,
    "end": 1693208944432,
    "duration": 30,
    "pid": 7936,
    "index": 3
  },
  {
    "name": "Require(0) config/config.default.js",
    "start": 1693208944402,
    "end": 1693208944403,
    "duration": 1,
    "pid": 7936,
    "index": 4
  },
  {
    "name": "Require(1) node_modules/_egg-session@3.3.0@egg-session/config/config.default.js",
    "start": 1693208944405,
    "end": 1693208944405,
    "duration": 0,
    "pid": 7936,
    "index": 5
  },
  {
    "name": "Require(2) node_modules/_egg-security@2.11.0@egg-security/config/config.default.js",
    "start": 1693208944406,
    "end": 1693208944406,
    "duration": 0,
    "pid": 7936,
    "index": 6
  },
  {
    "name": "Require(3) node_modules/_egg-jsonp@2.0.0@egg-jsonp/config/config.default.js",
    "start": 1693208944407,
    "end": 1693208944407,
    "duration": 0,
    "pid": 7936,
    "index": 7
  },
  {
    "name": "Require(4) node_modules/_egg-onerror@2.2.0@egg-onerror/config/config.default.js",
    "start": 1693208944408,
    "end": 1693208944409,
    "duration": 1,
    "pid": 7936,
    "index": 8
  },
  {
    "name": "Require(5) node_modules/_egg-i18n@2.1.1@egg-i18n/config/config.default.js",
    "start": 1693208944410,
    "end": 1693208944410,
    "duration": 0,
    "pid": 7936,
    "index": 9
  },
  {
    "name": "Require(6) node_modules/_egg-watcher@3.1.1@egg-watcher/config/config.default.js",
    "start": 1693208944411,
    "end": 1693208944411,
    "duration": 0,
    "pid": 7936,
    "index": 10
  },
  {
    "name": "Require(7) node_modules/_egg-schedule@4.0.0@egg-schedule/config/config.default.js",
    "start": 1693208944412,
    "end": 1693208944412,
    "duration": 0,
    "pid": 7936,
    "index": 11
  },
  {
    "name": "Require(8) node_modules/_egg-multipart@3.3.0@egg-multipart/config/config.default.js",
    "start": 1693208944413,
    "end": 1693208944413,
    "duration": 0,
    "pid": 7936,
    "index": 12
  },
  {
    "name": "Require(9) node_modules/_egg-development@2.7.0@egg-development/config/config.default.js",
    "start": 1693208944414,
    "end": 1693208944414,
    "duration": 0,
    "pid": 7936,
    "index": 13
  },
  {
    "name": "Require(10) node_modules/_egg-logrotator@3.1.0@egg-logrotator/config/config.default.js",
    "start": 1693208944415,
    "end": 1693208944415,
    "duration": 0,
    "pid": 7936,
    "index": 14
  },
  {
    "name": "Require(11) node_modules/_egg-static@2.3.1@egg-static/config/config.default.js",
    "start": 1693208944416,
    "end": 1693208944416,
    "duration": 0,
    "pid": 7936,
    "index": 15
  },
  {
    "name": "Require(12) node_modules/_egg-view@2.1.4@egg-view/config/config.default.js",
    "start": 1693208944417,
    "end": 1693208944417,
    "duration": 0,
    "pid": 7936,
    "index": 16
  },
  {
    "name": "Require(13) node_modules/_egg-sequelize@6.0.0@egg-sequelize/config/config.default.js",
    "start": 1693208944418,
    "end": 1693208944418,
    "duration": 0,
    "pid": 7936,
    "index": 17
  },
  {
    "name": "Require(14) node_modules/_egg-validate@2.0.2@egg-validate/config/config.default.js",
    "start": 1693208944419,
    "end": 1693208944419,
    "duration": 0,
    "pid": 7936,
    "index": 18
  },
  {
    "name": "Require(15) node_modules/_egg-jwt@3.1.7@egg-jwt/config/config.default.js",
    "start": 1693208944420,
    "end": 1693208944420,
    "duration": 0,
    "pid": 7936,
    "index": 19
  },
  {
    "name": "Require(16) node_modules/_egg-view-nunjucks@2.3.0@egg-view-nunjucks/config/config.default.js",
    "start": 1693208944421,
    "end": 1693208944421,
    "duration": 0,
    "pid": 7936,
    "index": 20
  },
  {
    "name": "Require(17) node_modules/_egg@3.15.0@egg/config/config.default.js",
    "start": 1693208944421,
    "end": 1693208944422,
    "duration": 1,
    "pid": 7936,
    "index": 21
  },
  {
    "name": "Require(18) config/config.default.js",
    "start": 1693208944423,
    "end": 1693208944423,
    "duration": 0,
    "pid": 7936,
    "index": 22
  },
  {
    "name": "Require(19) node_modules/_egg-security@2.11.0@egg-security/config/config.local.js",
    "start": 1693208944424,
    "end": 1693208944424,
    "duration": 0,
    "pid": 7936,
    "index": 23
  },
  {
    "name": "Require(20) node_modules/_egg-watcher@3.1.1@egg-watcher/config/config.local.js",
    "start": 1693208944427,
    "end": 1693208944427,
    "duration": 0,
    "pid": 7936,
    "index": 24
  },
  {
    "name": "Require(21) node_modules/_egg-view@2.1.4@egg-view/config/config.local.js",
    "start": 1693208944429,
    "end": 1693208944430,
    "duration": 1,
    "pid": 7936,
    "index": 25
  },
  {
    "name": "Require(22) node_modules/_egg-view-nunjucks@2.3.0@egg-view-nunjucks/config/config.local.js",
    "start": 1693208944431,
    "end": 1693208944431,
    "duration": 0,
    "pid": 7936,
    "index": 26
  },
  {
    "name": "Require(23) node_modules/_egg@3.15.0@egg/config/config.local.js",
    "start": 1693208944432,
    "end": 1693208944432,
    "duration": 0,
    "pid": 7936,
    "index": 27
  },
  {
    "name": "Load extend/application.js",
    "start": 1693208944433,
    "end": 1693208944542,
    "duration": 109,
    "pid": 7936,
    "index": 28
  },
  {
    "name": "Require(24) node_modules/_egg-session@3.3.0@egg-session/app/extend/application.js",
    "start": 1693208944434,
    "end": 1693208944434,
    "duration": 0,
    "pid": 7936,
    "index": 29
  },
  {
    "name": "Require(25) node_modules/_egg-security@2.11.0@egg-security/app/extend/application.js",
    "start": 1693208944435,
    "end": 1693208944436,
    "duration": 1,
    "pid": 7936,
    "index": 30
  },
  {
    "name": "Require(26) node_modules/_egg-jsonp@2.0.0@egg-jsonp/app/extend/application.js",
    "start": 1693208944436,
    "end": 1693208944440,
    "duration": 4,
    "pid": 7936,
    "index": 31
  },
  {
    "name": "Require(27) node_modules/_egg-schedule@4.0.0@egg-schedule/app/extend/application.js",
    "start": 1693208944442,
    "end": 1693208944445,
    "duration": 3,
    "pid": 7936,
    "index": 32
  },
  {
    "name": "Require(28) node_modules/_egg-logrotator@3.1.0@egg-logrotator/app/extend/application.js",
    "start": 1693208944446,
    "end": 1693208944451,
    "duration": 5,
    "pid": 7936,
    "index": 33
  },
  {
    "name": "Require(29) node_modules/_egg-view@2.1.4@egg-view/app/extend/application.js",
    "start": 1693208944452,
    "end": 1693208944454,
    "duration": 2,
    "pid": 7936,
    "index": 34
  },
  {
    "name": "Require(30) node_modules/_egg-jwt@3.1.7@egg-jwt/app/extend/application.js",
    "start": 1693208944455,
    "end": 1693208944508,
    "duration": 53,
    "pid": 7936,
    "index": 35
  },
  {
    "name": "Require(31) node_modules/_egg-view-nunjucks@2.3.0@egg-view-nunjucks/app/extend/application.js",
    "start": 1693208944509,
    "end": 1693208944537,
    "duration": 28,
    "pid": 7936,
    "index": 36
  },
  {
    "name": "Load extend/request.js",
    "start": 1693208944542,
    "end": 1693208944553,
    "duration": 11,
    "pid": 7936,
    "index": 37
  },
  {
    "name": "Require(32) node_modules/_egg@3.15.0@egg/app/extend/request.js",
    "start": 1693208944547,
    "end": 1693208944548,
    "duration": 1,
    "pid": 7936,
    "index": 38
  },
  {
    "name": "Load extend/response.js",
    "start": 1693208944553,
    "end": 1693208944565,
    "duration": 12,
    "pid": 7936,
    "index": 39
  },
  {
    "name": "Require(33) node_modules/_egg@3.15.0@egg/app/extend/response.js",
    "start": 1693208944557,
    "end": 1693208944560,
    "duration": 3,
    "pid": 7936,
    "index": 40
  },
  {
    "name": "Load extend/context.js",
    "start": 1693208944565,
    "end": 1693208944612,
    "duration": 47,
    "pid": 7936,
    "index": 41
  },
  {
    "name": "Require(34) node_modules/_egg-security@2.11.0@egg-security/app/extend/context.js",
    "start": 1693208944565,
    "end": 1693208944580,
    "duration": 15,
    "pid": 7936,
    "index": 42
  },
  {
    "name": "Require(35) node_modules/_egg-jsonp@2.0.0@egg-jsonp/app/extend/context.js",
    "start": 1693208944581,
    "end": 1693208944583,
    "duration": 2,
    "pid": 7936,
    "index": 43
  },
  {
    "name": "Require(36) node_modules/_egg-i18n@2.1.1@egg-i18n/app/extend/context.js",
    "start": 1693208944584,
    "end": 1693208944584,
    "duration": 0,
    "pid": 7936,
    "index": 44
  },
  {
    "name": "Require(37) node_modules/_egg-multipart@3.3.0@egg-multipart/app/extend/context.js",
    "start": 1693208944585,
    "end": 1693208944601,
    "duration": 16,
    "pid": 7936,
    "index": 45
  },
  {
    "name": "Require(38) node_modules/_egg-view@2.1.4@egg-view/app/extend/context.js",
    "start": 1693208944602,
    "end": 1693208944603,
    "duration": 1,
    "pid": 7936,
    "index": 46
  },
  {
    "name": "Require(39) node_modules/_egg-validate@2.0.2@egg-validate/app/extend/context.js",
    "start": 1693208944604,
    "end": 1693208944604,
    "duration": 0,
    "pid": 7936,
    "index": 47
  },
  {
    "name": "Require(40) node_modules/_egg@3.15.0@egg/app/extend/context.js",
    "start": 1693208944605,
    "end": 1693208944607,
    "duration": 2,
    "pid": 7936,
    "index": 48
  },
  {
    "name": "Load extend/helper.js",
    "start": 1693208944612,
    "end": 1693208944640,
    "duration": 28,
    "pid": 7936,
    "index": 49
  },
  {
    "name": "Require(41) node_modules/_egg-security@2.11.0@egg-security/app/extend/helper.js",
    "start": 1693208944613,
    "end": 1693208944631,
    "duration": 18,
    "pid": 7936,
    "index": 50
  },
  {
    "name": "Require(42) node_modules/_egg@3.15.0@egg/app/extend/helper.js",
    "start": 1693208944635,
    "end": 1693208944635,
    "duration": 0,
    "pid": 7936,
    "index": 51
  },
  {
    "name": "Load app.js",
    "start": 1693208944640,
    "end": 1693208944682,
    "duration": 42,
    "pid": 7936,
    "index": 52
  },
  {
    "name": "Require(43) node_modules/_egg-session@3.3.0@egg-session/app.js",
    "start": 1693208944640,
    "end": 1693208944641,
    "duration": 1,
    "pid": 7936,
    "index": 53
  },
  {
    "name": "Require(44) node_modules/_egg-security@2.11.0@egg-security/app.js",
    "start": 1693208944641,
    "end": 1693208944643,
    "duration": 2,
    "pid": 7936,
    "index": 54
  },
  {
    "name": "Require(45) node_modules/_egg-onerror@2.2.0@egg-onerror/app.js",
    "start": 1693208944644,
    "end": 1693208944657,
    "duration": 13,
    "pid": 7936,
    "index": 55
  },
  {
    "name": "Require(46) node_modules/_egg-i18n@2.1.1@egg-i18n/app.js",
    "start": 1693208944657,
    "end": 1693208944666,
    "duration": 9,
    "pid": 7936,
    "index": 56
  },
  {
    "name": "Require(47) node_modules/_egg-watcher@3.1.1@egg-watcher/app.js",
    "start": 1693208944667,
    "end": 1693208944671,
    "duration": 4,
    "pid": 7936,
    "index": 57
  },
  {
    "name": "Require(48) node_modules/_egg-schedule@4.0.0@egg-schedule/app.js",
    "start": 1693208944672,
    "end": 1693208944672,
    "duration": 0,
    "pid": 7936,
    "index": 58
  },
  {
    "name": "Require(49) node_modules/_egg-multipart@3.3.0@egg-multipart/app.js",
    "start": 1693208944673,
    "end": 1693208944674,
    "duration": 1,
    "pid": 7936,
    "index": 59
  },
  {
    "name": "Require(50) node_modules/_egg-development@2.7.0@egg-development/app.js",
    "start": 1693208944674,
    "end": 1693208944675,
    "duration": 1,
    "pid": 7936,
    "index": 60
  },
  {
    "name": "Require(51) node_modules/_egg-logrotator@3.1.0@egg-logrotator/app.js",
    "start": 1693208944675,
    "end": 1693208944675,
    "duration": 0,
    "pid": 7936,
    "index": 61
  },
  {
    "name": "Require(52) node_modules/_egg-static@2.3.1@egg-static/app.js",
    "start": 1693208944676,
    "end": 1693208944676,
    "duration": 0,
    "pid": 7936,
    "index": 62
  },
  {
    "name": "Require(53) node_modules/_egg-sequelize@6.0.0@egg-sequelize/app.js",
    "start": 1693208944677,
    "end": 1693208944677,
    "duration": 0,
    "pid": 7936,
    "index": 63
  },
  {
    "name": "Require(54) node_modules/_egg-validate@2.0.2@egg-validate/app.js",
    "start": 1693208944677,
    "end": 1693208944680,
    "duration": 3,
    "pid": 7936,
    "index": 64
  },
  {
    "name": "Require(55) node_modules/_egg-jwt@3.1.7@egg-jwt/app.js",
    "start": 1693208944680,
    "end": 1693208944680,
    "duration": 0,
    "pid": 7936,
    "index": 65
  },
  {
    "name": "Require(56) node_modules/_egg-view-nunjucks@2.3.0@egg-view-nunjucks/app.js",
    "start": 1693208944680,
    "end": 1693208944681,
    "duration": 1,
    "pid": 7936,
    "index": 66
  },
  {
    "name": "Before Start in node_modules/_egg-watcher@3.1.1@egg-watcher/lib/init.js:15:14",
    "start": 1693208944690,
    "end": 1693208945654,
    "duration": 964,
    "pid": 7936,
    "index": 67
  },
  {
    "name": "Load \"Symbol(model)\" to Application",
    "start": 1693208945345,
    "end": 1693208945382,
    "duration": 37,
    "pid": 7936,
    "index": 68
  },
  {
    "name": "Before Start in node_modules/_egg-sequelize@6.0.0@egg-sequelize/lib/loader.js:39:7",
    "start": 1693208945391,
    "end": 1693208946083,
    "duration": 692,
    "pid": 7936,
    "index": 69
  },
  {
    "name": "Load Service",
    "start": 1693208945392,
    "end": 1693208945485,
    "duration": 93,
    "pid": 7936,
    "index": 70
  },
  {
    "name": "Load \"service\" to Context",
    "start": 1693208945392,
    "end": 1693208945485,
    "duration": 93,
    "pid": 7936,
    "index": 71
  },
  {
    "name": "Load Middleware",
    "start": 1693208945486,
    "end": 1693208945608,
    "duration": 122,
    "pid": 7936,
    "index": 72
  },
  {
    "name": "Load \"middlewares\" to Application",
    "start": 1693208945486,
    "end": 1693208945597,
    "duration": 111,
    "pid": 7936,
    "index": 73
  },
  {
    "name": "Load Controller",
    "start": 1693208945608,
    "end": 1693208945626,
    "duration": 18,
    "pid": 7936,
    "index": 74
  },
  {
    "name": "Load \"controller\" to Application",
    "start": 1693208945608,
    "end": 1693208945626,
    "duration": 18,
    "pid": 7936,
    "index": 75
  },
  {
    "name": "Load Router",
    "start": 1693208945626,
    "end": 1693208945630,
    "duration": 4,
    "pid": 7936,
    "index": 76
  },
  {
    "name": "Require(57) app/router.js",
    "start": 1693208945627,
    "end": 1693208945627,
    "duration": 0,
    "pid": 7936,
    "index": 77
  },
  {
    "name": "Before Start in node_modules/_egg-core@5.3.1@egg-core/lib/egg.js:304:10",
    "start": 1693208945628,
    "end": 1693208945642,
    "duration": 14,
    "pid": 7936,
    "index": 78
  },
  {
    "name": "Before Start in app/router.js:8:9",
    "start": 1693208945628,
    "end": 1693208945642,
    "duration": 14,
    "pid": 7936,
    "index": 79
  }
]