[
  {
    "name": "Process Start",
    "start": 1685986775695,
    "end": 1685986776519,
    "duration": 824,
    "pid": 23132,
    "index": 0
  },
  {
    "name": "Application Start",
    "start": 1685986776520,
    "end": 1685986777978,
    "duration": 1458,
    "pid": 23132,
    "index": 1
  },
  {
    "name": "Load Plugin",
    "start": 1685986776523,
    "end": 1685986776540,
    "duration": 17,
    "pid": 23132,
    "index": 2
  },
  {
    "name": "Load Config",
    "start": 1685986776540,
    "end": 1685986776560,
    "duration": 20,
    "pid": 23132,
    "index": 3
  },
  {
    "name": "Require(0) config/config.default.js",
    "start": 1685986776541,
    "end": 1685986776541,
    "duration": 0,
    "pid": 23132,
    "index": 4
  },
  {
    "name": "Require(1) node_modules/_egg-session@3.3.0@egg-session/config/config.default.js",
    "start": 1685986776543,
    "end": 1685986776543,
    "duration": 0,
    "pid": 23132,
    "index": 5
  },
  {
    "name": "Require(2) node_modules/_egg-security@2.11.0@egg-security/config/config.default.js",
    "start": 1685986776543,
    "end": 1685986776544,
    "duration": 1,
    "pid": 23132,
    "index": 6
  },
  {
    "name": "Require(3) node_modules/_egg-jsonp@2.0.0@egg-jsonp/config/config.default.js",
    "start": 1685986776545,
    "end": 1685986776545,
    "duration": 0,
    "pid": 23132,
    "index": 7
  },
  {
    "name": "Require(4) node_modules/_egg-onerror@2.2.0@egg-onerror/config/config.default.js",
    "start": 1685986776545,
    "end": 1685986776546,
    "duration": 1,
    "pid": 23132,
    "index": 8
  },
  {
    "name": "Require(5) node_modules/_egg-i18n@2.1.1@egg-i18n/config/config.default.js",
    "start": 1685986776546,
    "end": 1685986776546,
    "duration": 0,
    "pid": 23132,
    "index": 9
  },
  {
    "name": "Require(6) node_modules/_egg-watcher@3.1.1@egg-watcher/config/config.default.js",
    "start": 1685986776547,
    "end": 1685986776547,
    "duration": 0,
    "pid": 23132,
    "index": 10
  },
  {
    "name": "Require(7) node_modules/_egg-schedule@4.0.0@egg-schedule/config/config.default.js",
    "start": 1685986776547,
    "end": 1685986776548,
    "duration": 1,
    "pid": 23132,
    "index": 11
  },
  {
    "name": "Require(8) node_modules/_egg-multipart@3.3.0@egg-multipart/config/config.default.js",
    "start": 1685986776548,
    "end": 1685986776548,
    "duration": 0,
    "pid": 23132,
    "index": 12
  },
  {
    "name": "Require(9) node_modules/_egg-development@2.7.0@egg-development/config/config.default.js",
    "start": 1685986776549,
    "end": 1685986776549,
    "duration": 0,
    "pid": 23132,
    "index": 13
  },
  {
    "name": "Require(10) node_modules/_egg-logrotator@3.1.0@egg-logrotator/config/config.default.js",
    "start": 1685986776550,
    "end": 1685986776550,
    "duration": 0,
    "pid": 23132,
    "index": 14
  },
  {
    "name": "Require(11) node_modules/_egg-static@2.3.1@egg-static/config/config.default.js",
    "start": 1685986776550,
    "end": 1685986776551,
    "duration": 1,
    "pid": 23132,
    "index": 15
  },
  {
    "name": "Require(12) node_modules/_egg-view@2.1.4@egg-view/config/config.default.js",
    "start": 1685986776551,
    "end": 1685986776551,
    "duration": 0,
    "pid": 23132,
    "index": 16
  },
  {
    "name": "Require(13) node_modules/_egg-sequelize@6.0.0@egg-sequelize/config/config.default.js",
    "start": 1685986776552,
    "end": 1685986776552,
    "duration": 0,
    "pid": 23132,
    "index": 17
  },
  {
    "name": "Require(14) node_modules/_egg-validate@2.0.2@egg-validate/config/config.default.js",
    "start": 1685986776552,
    "end": 1685986776553,
    "duration": 1,
    "pid": 23132,
    "index": 18
  },
  {
    "name": "Require(15) node_modules/_egg-jwt@3.1.7@egg-jwt/config/config.default.js",
    "start": 1685986776553,
    "end": 1685986776553,
    "duration": 0,
    "pid": 23132,
    "index": 19
  },
  {
    "name": "Require(16) node_modules/_egg-view-nunjucks@2.3.0@egg-view-nunjucks/config/config.default.js",
    "start": 1685986776554,
    "end": 1685986776554,
    "duration": 0,
    "pid": 23132,
    "index": 20
  },
  {
    "name": "Require(17) node_modules/_egg@3.15.0@egg/config/config.default.js",
    "start": 1685986776554,
    "end": 1685986776555,
    "duration": 1,
    "pid": 23132,
    "index": 21
  },
  {
    "name": "Require(18) config/config.default.js",
    "start": 1685986776555,
    "end": 1685986776555,
    "duration": 0,
    "pid": 23132,
    "index": 22
  },
  {
    "name": "Require(19) node_modules/_egg-security@2.11.0@egg-security/config/config.local.js",
    "start": 1685986776556,
    "end": 1685986776556,
    "duration": 0,
    "pid": 23132,
    "index": 23
  },
  {
    "name": "Require(20) node_modules/_egg-watcher@3.1.1@egg-watcher/config/config.local.js",
    "start": 1685986776557,
    "end": 1685986776557,
    "duration": 0,
    "pid": 23132,
    "index": 24
  },
  {
    "name": "Require(21) node_modules/_egg-view@2.1.4@egg-view/config/config.local.js",
    "start": 1685986776558,
    "end": 1685986776558,
    "duration": 0,
    "pid": 23132,
    "index": 25
  },
  {
    "name": "Require(22) node_modules/_egg-view-nunjucks@2.3.0@egg-view-nunjucks/config/config.local.js",
    "start": 1685986776559,
    "end": 1685986776559,
    "duration": 0,
    "pid": 23132,
    "index": 26
  },
  {
    "name": "Require(23) node_modules/_egg@3.15.0@egg/config/config.local.js",
    "start": 1685986776560,
    "end": 1685986776560,
    "duration": 0,
    "pid": 23132,
    "index": 27
  },
  {
    "name": "Load extend/application.js",
    "start": 1685986776561,
    "end": 1685986776638,
    "duration": 77,
    "pid": 23132,
    "index": 28
  },
  {
    "name": "Require(24) node_modules/_egg-session@3.3.0@egg-session/app/extend/application.js",
    "start": 1685986776561,
    "end": 1685986776562,
    "duration": 1,
    "pid": 23132,
    "index": 29
  },
  {
    "name": "Require(25) node_modules/_egg-security@2.11.0@egg-security/app/extend/application.js",
    "start": 1685986776562,
    "end": 1685986776563,
    "duration": 1,
    "pid": 23132,
    "index": 30
  },
  {
    "name": "Require(26) node_modules/_egg-jsonp@2.0.0@egg-jsonp/app/extend/application.js",
    "start": 1685986776563,
    "end": 1685986776567,
    "duration": 4,
    "pid": 23132,
    "index": 31
  },
  {
    "name": "Require(27) node_modules/_egg-schedule@4.0.0@egg-schedule/app/extend/application.js",
    "start": 1685986776568,
    "end": 1685986776571,
    "duration": 3,
    "pid": 23132,
    "index": 32
  },
  {
    "name": "Require(28) node_modules/_egg-logrotator@3.1.0@egg-logrotator/app/extend/application.js",
    "start": 1685986776572,
    "end": 1685986776574,
    "duration": 2,
    "pid": 23132,
    "index": 33
  },
  {
    "name": "Require(29) node_modules/_egg-view@2.1.4@egg-view/app/extend/application.js",
    "start": 1685986776575,
    "end": 1685986776577,
    "duration": 2,
    "pid": 23132,
    "index": 34
  },
  {
    "name": "Require(30) node_modules/_egg-jwt@3.1.7@egg-jwt/app/extend/application.js",
    "start": 1685986776577,
    "end": 1685986776613,
    "duration": 36,
    "pid": 23132,
    "index": 35
  },
  {
    "name": "Require(31) node_modules/_egg-view-nunjucks@2.3.0@egg-view-nunjucks/app/extend/application.js",
    "start": 1685986776614,
    "end": 1685986776635,
    "duration": 21,
    "pid": 23132,
    "index": 36
  },
  {
    "name": "Load extend/request.js",
    "start": 1685986776639,
    "end": 1685986776646,
    "duration": 7,
    "pid": 23132,
    "index": 37
  },
  {
    "name": "Require(32) node_modules/_egg@3.15.0@egg/app/extend/request.js",
    "start": 1685986776641,
    "end": 1685986776643,
    "duration": 2,
    "pid": 23132,
    "index": 38
  },
  {
    "name": "Load extend/response.js",
    "start": 1685986776646,
    "end": 1685986776654,
    "duration": 8,
    "pid": 23132,
    "index": 39
  },
  {
    "name": "Require(33) node_modules/_egg@3.15.0@egg/app/extend/response.js",
    "start": 1685986776649,
    "end": 1685986776651,
    "duration": 2,
    "pid": 23132,
    "index": 40
  },
  {
    "name": "Load extend/context.js",
    "start": 1685986776654,
    "end": 1685986776687,
    "duration": 33,
    "pid": 23132,
    "index": 41
  },
  {
    "name": "Require(34) node_modules/_egg-security@2.11.0@egg-security/app/extend/context.js",
    "start": 1685986776655,
    "end": 1685986776666,
    "duration": 11,
    "pid": 23132,
    "index": 42
  },
  {
    "name": "Require(35) node_modules/_egg-jsonp@2.0.0@egg-jsonp/app/extend/context.js",
    "start": 1685986776666,
    "end": 1685986776667,
    "duration": 1,
    "pid": 23132,
    "index": 43
  },
  {
    "name": "Require(36) node_modules/_egg-i18n@2.1.1@egg-i18n/app/extend/context.js",
    "start": 1685986776668,
    "end": 1685986776668,
    "duration": 0,
    "pid": 23132,
    "index": 44
  },
  {
    "name": "Require(37) node_modules/_egg-multipart@3.3.0@egg-multipart/app/extend/context.js",
    "start": 1685986776669,
    "end": 1685986776680,
    "duration": 11,
    "pid": 23132,
    "index": 45
  },
  {
    "name": "Require(38) node_modules/_egg-view@2.1.4@egg-view/app/extend/context.js",
    "start": 1685986776681,
    "end": 1685986776681,
    "duration": 0,
    "pid": 23132,
    "index": 46
  },
  {
    "name": "Require(39) node_modules/_egg-validate@2.0.2@egg-validate/app/extend/context.js",
    "start": 1685986776682,
    "end": 1685986776682,
    "duration": 0,
    "pid": 23132,
    "index": 47
  },
  {
    "name": "Require(40) node_modules/_egg@3.15.0@egg/app/extend/context.js",
    "start": 1685986776683,
    "end": 1685986776684,
    "duration": 1,
    "pid": 23132,
    "index": 48
  },
  {
    "name": "Load extend/helper.js",
    "start": 1685986776687,
    "end": 1685986776708,
    "duration": 21,
    "pid": 23132,
    "index": 49
  },
  {
    "name": "Require(41) node_modules/_egg-security@2.11.0@egg-security/app/extend/helper.js",
    "start": 1685986776688,
    "end": 1685986776702,
    "duration": 14,
    "pid": 23132,
    "index": 50
  },
  {
    "name": "Require(42) node_modules/_egg@3.15.0@egg/app/extend/helper.js",
    "start": 1685986776704,
    "end": 1685986776704,
    "duration": 0,
    "pid": 23132,
    "index": 51
  },
  {
    "name": "Load app.js",
    "start": 1685986776708,
    "end": 1685986776737,
    "duration": 29,
    "pid": 23132,
    "index": 52
  },
  {
    "name": "Require(43) node_modules/_egg-session@3.3.0@egg-session/app.js",
    "start": 1685986776708,
    "end": 1685986776708,
    "duration": 0,
    "pid": 23132,
    "index": 53
  },
  {
    "name": "Require(44) node_modules/_egg-security@2.11.0@egg-security/app.js",
    "start": 1685986776709,
    "end": 1685986776710,
    "duration": 1,
    "pid": 23132,
    "index": 54
  },
  {
    "name": "Require(45) node_modules/_egg-onerror@2.2.0@egg-onerror/app.js",
    "start": 1685986776711,
    "end": 1685986776719,
    "duration": 8,
    "pid": 23132,
    "index": 55
  },
  {
    "name": "Require(46) node_modules/_egg-i18n@2.1.1@egg-i18n/app.js",
    "start": 1685986776719,
    "end": 1685986776725,
    "duration": 6,
    "pid": 23132,
    "index": 56
  },
  {
    "name": "Require(47) node_modules/_egg-watcher@3.1.1@egg-watcher/app.js",
    "start": 1685986776726,
    "end": 1685986776729,
    "duration": 3,
    "pid": 23132,
    "index": 57
  },
  {
    "name": "Require(48) node_modules/_egg-schedule@4.0.0@egg-schedule/app.js",
    "start": 1685986776729,
    "end": 1685986776730,
    "duration": 1,
    "pid": 23132,
    "index": 58
  },
  {
    "name": "Require(49) node_modules/_egg-multipart@3.3.0@egg-multipart/app.js",
    "start": 1685986776730,
    "end": 1685986776731,
    "duration": 1,
    "pid": 23132,
    "index": 59
  },
  {
    "name": "Require(50) node_modules/_egg-development@2.7.0@egg-development/app.js",
    "start": 1685986776731,
    "end": 1685986776732,
    "duration": 1,
    "pid": 23132,
    "index": 60
  },
  {
    "name": "Require(51) node_modules/_egg-logrotator@3.1.0@egg-logrotator/app.js",
    "start": 1685986776732,
    "end": 1685986776732,
    "duration": 0,
    "pid": 23132,
    "index": 61
  },
  {
    "name": "Require(52) node_modules/_egg-static@2.3.1@egg-static/app.js",
    "start": 1685986776732,
    "end": 1685986776732,
    "duration": 0,
    "pid": 23132,
    "index": 62
  },
  {
    "name": "Require(53) node_modules/_egg-sequelize@6.0.0@egg-sequelize/app.js",
    "start": 1685986776733,
    "end": 1685986776733,
    "duration": 0,
    "pid": 23132,
    "index": 63
  },
  {
    "name": "Require(54) node_modules/_egg-validate@2.0.2@egg-validate/app.js",
    "start": 1685986776733,
    "end": 1685986776735,
    "duration": 2,
    "pid": 23132,
    "index": 64
  },
  {
    "name": "Require(55) node_modules/_egg-jwt@3.1.7@egg-jwt/app.js",
    "start": 1685986776735,
    "end": 1685986776735,
    "duration": 0,
    "pid": 23132,
    "index": 65
  },
  {
    "name": "Require(56) node_modules/_egg-view-nunjucks@2.3.0@egg-view-nunjucks/app.js",
    "start": 1685986776736,
    "end": 1685986776736,
    "duration": 0,
    "pid": 23132,
    "index": 66
  },
  {
    "name": "Before Start in node_modules/_egg-watcher@3.1.1@egg-watcher/lib/init.js:15:14",
    "start": 1685986776744,
    "end": 1685986777430,
    "duration": 686,
    "pid": 23132,
    "index": 67
  },
  {
    "name": "Load \"Symbol(model)\" to Application",
    "start": 1685986777227,
    "end": 1685986777256,
    "duration": 29,
    "pid": 23132,
    "index": 68
  },
  {
    "name": "Before Start in node_modules/_egg-sequelize@6.0.0@egg-sequelize/lib/loader.js:39:7",
    "start": 1685986777261,
    "end": 1685986777977,
    "duration": 716,
    "pid": 23132,
    "index": 69
  },
  {
    "name": "Load Service",
    "start": 1685986777263,
    "end": 1685986777322,
    "duration": 59,
    "pid": 23132,
    "index": 70
  },
  {
    "name": "Load \"service\" to Context",
    "start": 1685986777263,
    "end": 1685986777322,
    "duration": 59,
    "pid": 23132,
    "index": 71
  },
  {
    "name": "Load Middleware",
    "start": 1685986777322,
    "end": 1685986777396,
    "duration": 74,
    "pid": 23132,
    "index": 72
  },
  {
    "name": "Load \"middlewares\" to Application",
    "start": 1685986777322,
    "end": 1685986777386,
    "duration": 64,
    "pid": 23132,
    "index": 73
  },
  {
    "name": "Load Controller",
    "start": 1685986777396,
    "end": 1685986777408,
    "duration": 12,
    "pid": 23132,
    "index": 74
  },
  {
    "name": "Load \"controller\" to Application",
    "start": 1685986777396,
    "end": 1685986777407,
    "duration": 11,
    "pid": 23132,
    "index": 75
  },
  {
    "name": "Load Router",
    "start": 1685986777408,
    "end": 1685986777410,
    "duration": 2,
    "pid": 23132,
    "index": 76
  },
  {
    "name": "Require(57) app/router.js",
    "start": 1685986777408,
    "end": 1685986777408,
    "duration": 0,
    "pid": 23132,
    "index": 77
  },
  {
    "name": "Before Start in node_modules/_egg-core@5.3.1@egg-core/lib/egg.js:304:10",
    "start": 1685986777408,
    "end": 1685986777421,
    "duration": 13,
    "pid": 23132,
    "index": 78
  },
  {
    "name": "Before Start in app/router.js:8:9",
    "start": 1685986777409,
    "end": 1685986777421,
    "duration": 12,
    "pid": 23132,
    "index": 79
  }
]